analysis_id,exposures_outcome_set_id,covariate_id,rr,ci_95_lb,ci_95_ub,database_id
1,284001738,99,15.343620530437525,NA,NA,Eunomia
1,284001738,1000,62.41071752016089,NA,NA,Eunomia
1,284001738,1001,NA,NA,NA,Eunomia
1,284001738,1002,3.345231168904986e-4,NA,NA,Eunomia
2,284001738,1000,NA,NA,NA,Eunomia
1,-1620551510,99,3.1774821062000496,1.2610509966124206,6.45409651772773,Eunomia
1,-1620551510,1000,NA,NA,NA,Eunomia
1,-1620551510,1001,NA,NA,NA,Eunomia
1,-1620551510,1002,NA,NA,NA,Eunomia
2,-1620551510,1000,NA,NA,NA,Eunomia
