analysis_id,exposures_outcome_set_id,covariate_id,time_stability_p,time_stability_diagnostic,event_exposure_lb,event_exposure_ub,event_exposure_diagnostic,event_observation_lb,event_observation_ub,event_observation_diagnostic,rare_outcome_prevalence,rare_outcome_diagnostic,mdrr,mdrr_diagnostic,ease,ease_diagnostic,unblind,unblind_for_evidence_synthesis,database_id,time_trend_p,pre_exposure_p,time_trend_diagnostic,pre_exposure_diagnostic
1,284001738,1000,1,PASS,NA,7.020993543758825,NOT EVALUATED,5.954782650541569,5.954782650541569,FAIL,0.08965000935803856,PASS,31.9711,FAIL,NA,NOT EVALUATED,0,0,Eunomia,NA,NA,NOT EVALUATED,NOT EVALUATED
1,-358070004,1000,1,PASS,NA,NA,NOT EVALUATED,NA,NA,NOT EVALUATED,0,PASS,Inf,FAIL,NA,NOT EVALUATED,0,1,Eunomia,NA,NA,NOT EVALUATED,NOT EVALUATED
2,284001738,1000,0.6655831124030877,PASS,NA,NA,NOT EVALUATED,NA,NA,NOT EVALUATED,0.08965000935803856,PASS,19.4983,FAIL,NA,NOT EVALUATED,0,1,Eunomia,NA,NA,NOT EVALUATED,NOT EVALUATED
2,-358070004,1000,1,PASS,NA,NA,NOT EVALUATED,NA,NA,NOT EVALUATED,0,PASS,Inf,FAIL,NA,NOT EVALUATED,0,1,Eunomia,NA,NA,NOT EVALUATED,NOT EVALUATED
1,-1620551510,1000,1.3839829884544916e-5,FAIL,NA,NA,NOT EVALUATED,1.2405710210050112,1.2405710210050112,PASS,0.49223282799925133,FAIL,Inf,FAIL,NA,NOT EVALUATED,0,0,Eunomia,NA,NA,NOT EVALUATED,NOT EVALUATED
2,-1620551510,1000,8.65492045051258e-25,FAIL,NA,NA,NOT EVALUATED,NA,NA,NOT EVALUATED,0.49223282799925133,FAIL,Inf,FAIL,NA,NOT EVALUATED,0,0,Eunomia,NA,NA,NOT EVALUATED,NOT EVALUATED
