analysis_id,exposures_outcome_set_id,calendar_year,calendar_month,cover_before_after_subjects,database_id
1,1,1942,1,33,Eunomia
1,1,1942,2,34,Eunomia
1,1,1942,3,34,Eunomia
1,1,1942,4,34,Eunomia
1,1,1942,5,34,Eunomia
1,1,1942,6,34,Eunomia
1,1,1942,7,35,Eunomia
1,1,1942,8,35,Eunomia
1,1,1942,9,35,Eunomia
1,1,1942,10,35,Eunomia
1,1,1942,11,35,Eunomia
1,1,1942,12,35,Eunomia
1,1,1943,1,35,Eunomia
1,1,1943,2,35,Eunomia
1,1,1943,3,35,Eunomia
1,1,1943,4,35,Eunomia
1,1,1943,5,35,Eunomia
1,1,1943,6,35,Eunomia
1,1,1943,7,35,Eunomia
1,1,1943,8,35,Eunomia
1,1,1943,9,35,Eunomia
1,1,1943,10,35,Eunomia
1,1,1943,11,35,Eunomia
1,1,1943,12,35,Eunomia
1,1,1944,1,35,Eunomia
1,1,1944,2,35,Eunomia
1,1,1944,3,35,Eunomia
1,1,1944,4,35,Eunomia
1,1,1944,5,37,Eunomia
1,1,1944,6,38,Eunomia
1,1,1944,7,38,Eunomia
1,1,1944,8,38,Eunomia
1,1,1944,9,38,Eunomia
1,1,1944,10,38,Eunomia
1,1,1944,11,38,Eunomia
1,1,1944,12,38,Eunomia
1,1,1945,1,38,Eunomia
1,1,1945,2,38,Eunomia
1,1,1945,3,38,Eunomia
1,1,1945,4,39,Eunomia
1,1,1945,5,40,Eunomia
1,1,1945,6,40,Eunomia
1,1,1945,7,40,Eunomia
1,1,1945,8,40,Eunomia
1,1,1945,9,40,Eunomia
1,1,1945,10,41,Eunomia
1,1,1945,11,41,Eunomia
1,1,1945,12,42,Eunomia
1,1,1946,1,42,Eunomia
1,1,1946,2,44,Eunomia
1,1,1946,3,44,Eunomia
1,1,1946,4,45,Eunomia
1,1,1946,5,45,Eunomia
1,1,1946,6,45,Eunomia
1,1,1946,7,45,Eunomia
1,1,1946,8,46,Eunomia
1,1,1946,9,46,Eunomia
1,1,1946,10,46,Eunomia
1,1,1946,11,46,Eunomia
1,1,1946,12,46,Eunomia
1,1,1947,1,46,Eunomia
1,1,1947,2,46,Eunomia
1,1,1947,3,46,Eunomia
1,1,1947,4,46,Eunomia
1,1,1947,5,46,Eunomia
1,1,1947,6,46,Eunomia
1,1,1947,7,46,Eunomia
1,1,1947,8,47,Eunomia
1,1,1947,9,47,Eunomia
1,1,1947,10,47,Eunomia
1,1,1947,11,47,Eunomia
1,1,1947,12,47,Eunomia
1,1,1948,1,47,Eunomia
1,1,1948,2,47,Eunomia
1,1,1948,3,47,Eunomia
1,1,1948,4,47,Eunomia
1,1,1948,5,47,Eunomia
1,1,1948,6,47,Eunomia
1,1,1948,7,47,Eunomia
1,1,1948,8,47,Eunomia
1,1,1948,9,47,Eunomia
1,1,1948,10,49,Eunomia
1,1,1948,11,49,Eunomia
1,1,1948,12,49,Eunomia
1,1,1949,1,50,Eunomia
1,1,1949,2,50,Eunomia
1,1,1949,3,50,Eunomia
1,1,1949,4,50,Eunomia
1,1,1949,5,50,Eunomia
1,1,1949,6,51,Eunomia
1,1,1949,7,52,Eunomia
1,1,1949,8,52,Eunomia
1,1,1949,9,52,Eunomia
1,1,1949,10,53,Eunomia
1,1,1949,11,53,Eunomia
1,1,1949,12,53,Eunomia
1,1,1950,1,54,Eunomia
1,1,1950,2,54,Eunomia
1,1,1950,3,54,Eunomia
1,1,1950,4,54,Eunomia
1,1,1950,5,54,Eunomia
1,1,1950,6,54,Eunomia
1,1,1950,7,54,Eunomia
1,1,1950,8,55,Eunomia
1,1,1950,9,55,Eunomia
1,1,1950,10,55,Eunomia
1,1,1950,11,55,Eunomia
1,1,1950,12,55,Eunomia
1,1,1951,1,55,Eunomia
1,1,1951,2,56,Eunomia
1,1,1951,3,57,Eunomia
1,1,1951,4,57,Eunomia
1,1,1951,5,58,Eunomia
1,1,1951,6,59,Eunomia
1,1,1951,7,60,Eunomia
1,1,1951,8,62,Eunomia
1,1,1951,9,63,Eunomia
1,1,1951,10,63,Eunomia
1,1,1951,11,63,Eunomia
1,1,1951,12,66,Eunomia
1,1,1952,1,66,Eunomia
1,1,1952,2,67,Eunomia
1,1,1952,3,67,Eunomia
1,1,1952,4,67,Eunomia
1,1,1952,5,67,Eunomia
1,1,1952,6,67,Eunomia
1,1,1952,7,68,Eunomia
1,1,1952,8,69,Eunomia
1,1,1952,9,69,Eunomia
1,1,1952,10,69,Eunomia
1,1,1952,11,70,Eunomia
1,1,1952,12,71,Eunomia
1,1,1953,1,71,Eunomia
1,1,1953,2,71,Eunomia
1,1,1953,3,71,Eunomia
1,1,1953,4,72,Eunomia
1,1,1953,5,72,Eunomia
1,1,1953,6,72,Eunomia
1,1,1953,7,72,Eunomia
1,1,1953,8,73,Eunomia
1,1,1953,9,73,Eunomia
1,1,1953,10,73,Eunomia
1,1,1953,11,73,Eunomia
1,1,1953,12,73,Eunomia
1,1,1954,1,73,Eunomia
1,1,1954,2,73,Eunomia
1,1,1954,3,73,Eunomia
1,1,1954,4,73,Eunomia
1,1,1954,5,74,Eunomia
1,1,1954,6,74,Eunomia
1,1,1954,7,74,Eunomia
1,1,1954,8,74,Eunomia
1,1,1954,9,74,Eunomia
1,1,1954,10,75,Eunomia
1,1,1954,11,75,Eunomia
1,1,1954,12,76,Eunomia
1,1,1955,1,78,Eunomia
1,1,1955,2,78,Eunomia
1,1,1955,3,78,Eunomia
1,1,1955,4,79,Eunomia
1,1,1955,5,80,Eunomia
1,1,1955,6,80,Eunomia
1,1,1955,7,82,Eunomia
1,1,1955,8,82,Eunomia
1,1,1955,9,82,Eunomia
1,1,1955,10,82,Eunomia
1,1,1955,11,82,Eunomia
1,1,1955,12,82,Eunomia
1,1,1956,1,82,Eunomia
1,1,1956,2,82,Eunomia
1,1,1956,3,83,Eunomia
1,1,1956,4,83,Eunomia
1,1,1956,5,83,Eunomia
1,1,1956,6,83,Eunomia
1,1,1956,7,83,Eunomia
1,1,1956,8,86,Eunomia
1,1,1956,9,86,Eunomia
1,1,1956,10,88,Eunomia
1,1,1956,11,88,Eunomia
1,1,1956,12,89,Eunomia
1,1,1957,1,91,Eunomia
1,1,1957,2,91,Eunomia
1,1,1957,3,92,Eunomia
1,1,1957,4,92,Eunomia
1,1,1957,5,93,Eunomia
1,1,1957,6,93,Eunomia
1,1,1957,7,93,Eunomia
1,1,1957,8,94,Eunomia
1,1,1957,9,94,Eunomia
1,1,1957,10,94,Eunomia
1,1,1957,11,94,Eunomia
1,1,1957,12,95,Eunomia
1,1,1958,1,95,Eunomia
1,1,1958,2,95,Eunomia
1,1,1958,3,95,Eunomia
1,1,1958,4,95,Eunomia
1,1,1958,5,95,Eunomia
1,1,1958,6,95,Eunomia
1,1,1958,7,96,Eunomia
1,1,1958,8,96,Eunomia
1,1,1958,9,96,Eunomia
1,1,1958,10,96,Eunomia
1,1,1958,11,96,Eunomia
1,1,1958,12,96,Eunomia
1,1,1959,1,96,Eunomia
1,1,1959,2,97,Eunomia
1,1,1959,3,97,Eunomia
1,1,1959,4,97,Eunomia
1,1,1959,5,98,Eunomia
1,1,1959,6,99,Eunomia
1,1,1959,7,99,Eunomia
1,1,1959,8,101,Eunomia
1,1,1959,9,104,Eunomia
1,1,1959,10,104,Eunomia
1,1,1959,11,105,Eunomia
1,1,1959,12,106,Eunomia
1,1,1960,1,106,Eunomia
1,1,1960,2,106,Eunomia
1,1,1960,3,106,Eunomia
1,1,1960,4,106,Eunomia
1,1,1960,5,106,Eunomia
1,1,1960,6,108,Eunomia
1,1,1960,7,108,Eunomia
1,1,1960,8,110,Eunomia
1,1,1960,9,111,Eunomia
1,1,1960,10,111,Eunomia
1,1,1960,11,112,Eunomia
1,1,1960,12,112,Eunomia
1,1,1961,1,112,Eunomia
1,1,1961,2,112,Eunomia
1,1,1961,3,113,Eunomia
1,1,1961,4,113,Eunomia
1,1,1961,5,114,Eunomia
1,1,1961,6,115,Eunomia
1,1,1961,7,116,Eunomia
1,1,1961,8,118,Eunomia
1,1,1961,9,118,Eunomia
1,1,1961,10,120,Eunomia
1,1,1961,11,120,Eunomia
1,1,1961,12,120,Eunomia
1,1,1962,1,120,Eunomia
1,1,1962,2,120,Eunomia
1,1,1962,3,120,Eunomia
1,1,1962,4,121,Eunomia
1,1,1962,5,121,Eunomia
1,1,1962,6,122,Eunomia
1,1,1962,7,123,Eunomia
1,1,1962,8,123,Eunomia
1,1,1962,9,123,Eunomia
1,1,1962,10,123,Eunomia
1,1,1962,11,125,Eunomia
1,1,1962,12,125,Eunomia
1,1,1963,1,125,Eunomia
1,1,1963,2,126,Eunomia
1,1,1963,3,126,Eunomia
1,1,1963,4,126,Eunomia
1,1,1963,5,126,Eunomia
1,1,1963,6,128,Eunomia
1,1,1963,7,128,Eunomia
1,1,1963,8,128,Eunomia
1,1,1963,9,129,Eunomia
1,1,1963,10,129,Eunomia
1,1,1963,11,129,Eunomia
1,1,1963,12,129,Eunomia
1,1,1964,1,130,Eunomia
1,1,1964,2,131,Eunomia
1,1,1964,3,131,Eunomia
1,1,1964,4,132,Eunomia
1,1,1964,5,133,Eunomia
1,1,1964,6,133,Eunomia
1,1,1964,7,133,Eunomia
1,1,1964,8,134,Eunomia
1,1,1964,9,134,Eunomia
1,1,1964,10,135,Eunomia
1,1,1964,11,136,Eunomia
1,1,1964,12,136,Eunomia
1,1,1965,1,137,Eunomia
1,1,1965,2,138,Eunomia
1,1,1965,3,138,Eunomia
1,1,1965,4,138,Eunomia
1,1,1965,5,139,Eunomia
1,1,1965,6,139,Eunomia
1,1,1965,7,139,Eunomia
1,1,1965,8,140,Eunomia
1,1,1965,9,141,Eunomia
1,1,1965,10,141,Eunomia
1,1,1965,11,141,Eunomia
1,1,1965,12,141,Eunomia
1,1,1966,1,141,Eunomia
1,1,1966,2,141,Eunomia
1,1,1966,3,141,Eunomia
1,1,1966,4,141,Eunomia
1,1,1966,5,143,Eunomia
1,1,1966,6,145,Eunomia
1,1,1966,7,146,Eunomia
1,1,1966,8,147,Eunomia
1,1,1966,9,148,Eunomia
1,1,1966,10,148,Eunomia
1,1,1966,11,148,Eunomia
1,1,1966,12,148,Eunomia
1,1,1967,1,148,Eunomia
1,1,1967,2,148,Eunomia
1,1,1967,3,148,Eunomia
1,1,1967,4,148,Eunomia
1,1,1967,5,149,Eunomia
1,1,1967,6,149,Eunomia
1,1,1967,7,149,Eunomia
1,1,1967,8,150,Eunomia
1,1,1967,9,151,Eunomia
1,1,1967,10,151,Eunomia
1,1,1967,11,152,Eunomia
1,1,1967,12,152,Eunomia
1,1,1968,1,152,Eunomia
1,1,1968,2,152,Eunomia
1,1,1968,3,154,Eunomia
1,1,1968,4,154,Eunomia
1,1,1968,5,154,Eunomia
1,1,1968,6,156,Eunomia
1,1,1968,7,157,Eunomia
1,1,1968,8,157,Eunomia
1,1,1968,9,157,Eunomia
1,1,1968,10,157,Eunomia
1,1,1968,11,157,Eunomia
1,1,1968,12,157,Eunomia
1,1,1969,1,158,Eunomia
1,1,1969,2,158,Eunomia
1,1,1969,3,158,Eunomia
1,1,1969,4,158,Eunomia
1,1,1969,5,159,Eunomia
1,1,1969,6,160,Eunomia
1,1,1969,7,162,Eunomia
1,1,1969,8,162,Eunomia
1,1,1969,9,162,Eunomia
1,1,1969,10,164,Eunomia
1,1,1969,11,164,Eunomia
1,1,1969,12,165,Eunomia
1,1,1970,1,165,Eunomia
1,1,1970,2,166,Eunomia
1,1,1970,3,166,Eunomia
1,1,1970,4,166,Eunomia
1,1,1970,5,166,Eunomia
1,1,1970,6,167,Eunomia
1,1,1970,7,167,Eunomia
1,1,1970,8,168,Eunomia
1,1,1970,9,168,Eunomia
1,1,1970,10,168,Eunomia
1,1,1970,11,169,Eunomia
1,1,1970,12,171,Eunomia
1,1,1971,1,171,Eunomia
1,1,1971,2,172,Eunomia
1,1,1971,3,172,Eunomia
1,1,1971,4,173,Eunomia
1,1,1971,5,173,Eunomia
1,1,1971,6,173,Eunomia
1,1,1971,7,173,Eunomia
1,1,1971,8,173,Eunomia
1,1,1971,9,175,Eunomia
1,1,1971,10,175,Eunomia
1,1,1971,11,176,Eunomia
1,1,1971,12,176,Eunomia
1,1,1972,1,177,Eunomia
1,1,1972,2,178,Eunomia
1,1,1972,3,178,Eunomia
1,1,1972,4,180,Eunomia
1,1,1972,5,181,Eunomia
1,1,1972,6,181,Eunomia
1,1,1972,7,182,Eunomia
1,1,1972,8,182,Eunomia
1,1,1972,9,182,Eunomia
1,1,1972,10,182,Eunomia
1,1,1972,11,185,Eunomia
1,1,1972,12,185,Eunomia
1,1,1973,1,186,Eunomia
1,1,1973,2,186,Eunomia
1,1,1973,3,187,Eunomia
1,1,1973,4,189,Eunomia
1,1,1973,5,191,Eunomia
1,1,1973,6,192,Eunomia
1,1,1973,7,192,Eunomia
1,1,1973,8,193,Eunomia
1,1,1973,9,194,Eunomia
1,1,1973,10,193,Eunomia
1,1,1973,11,193,Eunomia
1,1,1973,12,194,Eunomia
1,1,1974,1,197,Eunomia
1,1,1974,2,197,Eunomia
1,1,1974,3,198,Eunomia
1,1,1974,4,199,Eunomia
1,1,1974,5,199,Eunomia
1,1,1974,6,199,Eunomia
1,1,1974,7,200,Eunomia
1,1,1974,8,202,Eunomia
1,1,1974,9,203,Eunomia
1,1,1974,10,203,Eunomia
1,1,1974,11,203,Eunomia
1,1,1974,12,203,Eunomia
1,1,1975,1,203,Eunomia
1,1,1975,2,203,Eunomia
1,1,1975,3,204,Eunomia
1,1,1975,4,205,Eunomia
1,1,1975,5,205,Eunomia
1,1,1975,6,206,Eunomia
1,1,1975,7,206,Eunomia
1,1,1975,8,206,Eunomia
1,1,1975,9,208,Eunomia
1,1,1975,10,209,Eunomia
1,1,1975,11,210,Eunomia
1,1,1975,12,210,Eunomia
1,1,1976,1,212,Eunomia
1,1,1976,2,213,Eunomia
1,1,1976,3,213,Eunomia
1,1,1976,4,215,Eunomia
1,1,1976,5,215,Eunomia
1,1,1976,6,215,Eunomia
1,1,1976,7,215,Eunomia
1,1,1976,8,216,Eunomia
1,1,1976,9,216,Eunomia
1,1,1976,10,216,Eunomia
1,1,1976,11,217,Eunomia
1,1,1976,12,217,Eunomia
1,1,1977,1,217,Eunomia
1,1,1977,2,217,Eunomia
1,1,1977,3,217,Eunomia
1,1,1977,4,217,Eunomia
1,1,1977,5,219,Eunomia
1,1,1977,6,219,Eunomia
1,1,1977,7,219,Eunomia
1,1,1977,8,220,Eunomia
1,1,1977,9,220,Eunomia
1,1,1977,10,221,Eunomia
1,1,1977,11,222,Eunomia
1,1,1977,12,222,Eunomia
1,1,1978,1,222,Eunomia
1,1,1978,2,222,Eunomia
1,1,1978,3,222,Eunomia
1,1,1978,4,223,Eunomia
1,1,1978,5,223,Eunomia
1,1,1978,6,224,Eunomia
1,1,1978,7,224,Eunomia
1,1,1978,8,224,Eunomia
1,1,1978,9,224,Eunomia
1,1,1978,10,225,Eunomia
1,1,1978,11,225,Eunomia
1,1,1978,12,225,Eunomia
1,1,1979,1,225,Eunomia
1,1,1979,2,226,Eunomia
1,1,1979,3,225,Eunomia
1,1,1979,4,226,Eunomia
1,1,1979,5,226,Eunomia
1,1,1979,6,226,Eunomia
1,1,1979,7,226,Eunomia
1,1,1979,8,226,Eunomia
1,1,1979,9,226,Eunomia
1,1,1979,10,226,Eunomia
1,1,1979,11,226,Eunomia
1,1,1979,12,225,Eunomia
1,1,1980,1,225,Eunomia
1,1,1980,2,224,Eunomia
1,1,1980,3,224,Eunomia
1,1,1980,4,224,Eunomia
1,1,1980,5,225,Eunomia
1,1,1980,6,226,Eunomia
1,1,1980,7,227,Eunomia
1,1,1980,8,228,Eunomia
1,1,1980,9,229,Eunomia
1,1,1980,10,229,Eunomia
1,1,1980,11,229,Eunomia
1,1,1980,12,229,Eunomia
1,1,1981,1,229,Eunomia
1,1,1981,2,229,Eunomia
1,1,1981,3,229,Eunomia
1,1,1981,4,229,Eunomia
1,1,1981,5,229,Eunomia
1,1,1981,6,229,Eunomia
1,1,1981,7,230,Eunomia
1,1,1981,8,230,Eunomia
1,1,1981,9,230,Eunomia
1,1,1981,10,230,Eunomia
1,1,1981,11,230,Eunomia
1,1,1981,12,230,Eunomia
1,1,1982,1,230,Eunomia
1,1,1982,2,229,Eunomia
1,1,1982,3,229,Eunomia
1,1,1982,4,229,Eunomia
1,1,1982,5,229,Eunomia
1,1,1982,6,229,Eunomia
1,1,1982,7,229,Eunomia
1,1,1982,8,229,Eunomia
1,1,1982,9,229,Eunomia
1,1,1982,10,229,Eunomia
1,1,1982,11,229,Eunomia
1,1,1982,12,229,Eunomia
1,1,1983,1,229,Eunomia
1,1,1983,2,229,Eunomia
1,1,1983,3,229,Eunomia
1,1,1983,4,229,Eunomia
1,1,1983,5,229,Eunomia
1,1,1983,6,229,Eunomia
1,1,1983,7,229,Eunomia
1,1,1983,8,229,Eunomia
1,1,1983,9,229,Eunomia
1,1,1983,10,229,Eunomia
1,1,1983,11,229,Eunomia
1,1,1983,12,229,Eunomia
1,1,1984,1,229,Eunomia
1,1,1984,2,229,Eunomia
1,1,1984,3,229,Eunomia
1,1,1984,4,229,Eunomia
1,1,1984,5,230,Eunomia
1,1,1984,6,230,Eunomia
1,1,1984,7,230,Eunomia
1,1,1984,8,230,Eunomia
1,1,1984,9,230,Eunomia
1,1,1984,10,230,Eunomia
1,1,1984,11,230,Eunomia
1,1,1984,12,230,Eunomia
1,1,1985,1,230,Eunomia
1,1,1985,2,230,Eunomia
1,1,1985,3,230,Eunomia
1,1,1985,4,230,Eunomia
1,1,1985,5,230,Eunomia
1,1,1985,6,230,Eunomia
1,1,1985,7,230,Eunomia
1,1,1985,8,230,Eunomia
1,1,1985,9,231,Eunomia
1,1,1985,10,231,Eunomia
1,1,1985,11,231,Eunomia
1,1,1985,12,231,Eunomia
1,1,1986,1,231,Eunomia
1,1,1986,2,231,Eunomia
1,1,1986,3,231,Eunomia
1,1,1986,4,231,Eunomia
1,1,1986,5,231,Eunomia
1,1,1986,6,231,Eunomia
1,1,1986,7,231,Eunomia
1,1,1986,8,231,Eunomia
1,1,1986,9,231,Eunomia
1,1,1986,10,231,Eunomia
1,1,1986,11,231,Eunomia
1,1,1986,12,231,Eunomia
1,1,1987,1,231,Eunomia
1,1,1987,2,231,Eunomia
1,1,1987,3,231,Eunomia
1,1,1987,4,231,Eunomia
1,1,1987,5,231,Eunomia
1,1,1987,6,231,Eunomia
1,1,1987,7,231,Eunomia
1,1,1987,8,231,Eunomia
1,1,1987,9,231,Eunomia
1,1,1987,10,231,Eunomia
1,1,1987,11,231,Eunomia
1,1,1987,12,231,Eunomia
1,1,1988,1,231,Eunomia
1,1,1988,2,231,Eunomia
1,1,1988,3,231,Eunomia
1,1,1988,4,231,Eunomia
1,1,1988,5,231,Eunomia
1,1,1988,6,231,Eunomia
1,1,1988,7,231,Eunomia
1,1,1988,8,231,Eunomia
1,1,1988,9,231,Eunomia
1,1,1988,10,231,Eunomia
1,1,1988,11,231,Eunomia
1,1,1988,12,231,Eunomia
1,1,1989,1,231,Eunomia
1,1,1989,2,231,Eunomia
1,1,1989,3,231,Eunomia
1,1,1989,4,231,Eunomia
1,1,1989,5,231,Eunomia
1,1,1989,6,231,Eunomia
1,1,1989,7,231,Eunomia
1,1,1989,8,231,Eunomia
1,1,1989,9,231,Eunomia
1,1,1989,10,231,Eunomia
1,1,1989,11,231,Eunomia
1,1,1989,12,231,Eunomia
1,1,1990,1,231,Eunomia
1,1,1990,2,231,Eunomia
1,1,1990,3,231,Eunomia
1,1,1990,4,231,Eunomia
1,1,1990,5,231,Eunomia
1,1,1990,6,231,Eunomia
1,1,1990,7,231,Eunomia
1,1,1990,8,231,Eunomia
1,1,1990,9,231,Eunomia
1,1,1990,10,231,Eunomia
1,1,1990,11,231,Eunomia
1,1,1990,12,231,Eunomia
1,1,1991,1,231,Eunomia
1,1,1991,2,231,Eunomia
1,1,1991,3,231,Eunomia
1,1,1991,4,231,Eunomia
1,1,1991,5,231,Eunomia
1,1,1991,6,231,Eunomia
1,1,1991,7,231,Eunomia
1,1,1991,8,231,Eunomia
1,1,1991,9,231,Eunomia
1,1,1991,10,231,Eunomia
1,1,1991,11,231,Eunomia
1,1,1991,12,231,Eunomia
1,1,1992,1,231,Eunomia
1,1,1992,2,231,Eunomia
1,1,1992,3,231,Eunomia
1,1,1992,4,231,Eunomia
1,1,1992,5,231,Eunomia
1,1,1992,6,231,Eunomia
1,1,1992,7,231,Eunomia
1,1,1992,8,231,Eunomia
1,1,1992,9,231,Eunomia
1,1,1992,10,231,Eunomia
1,1,1992,11,231,Eunomia
1,1,1992,12,231,Eunomia
1,1,1993,1,231,Eunomia
1,1,1993,2,231,Eunomia
1,1,1993,3,231,Eunomia
1,1,1993,4,231,Eunomia
1,1,1993,5,231,Eunomia
1,1,1993,6,231,Eunomia
1,1,1993,7,231,Eunomia
1,1,1993,8,231,Eunomia
1,1,1993,9,231,Eunomia
1,1,1993,10,231,Eunomia
1,1,1993,11,231,Eunomia
1,1,1993,12,231,Eunomia
1,1,1994,1,231,Eunomia
1,1,1994,2,231,Eunomia
1,1,1994,3,231,Eunomia
1,1,1994,4,231,Eunomia
1,1,1994,5,230,Eunomia
1,1,1994,6,230,Eunomia
1,1,1994,7,230,Eunomia
1,1,1994,8,230,Eunomia
1,1,1994,9,230,Eunomia
1,1,1994,10,230,Eunomia
1,1,1994,11,230,Eunomia
1,1,1994,12,230,Eunomia
1,1,1995,1,230,Eunomia
1,1,1995,2,230,Eunomia
1,1,1995,3,230,Eunomia
1,1,1995,4,230,Eunomia
1,1,1995,5,230,Eunomia
1,1,1995,6,230,Eunomia
1,1,1995,7,230,Eunomia
1,1,1995,8,230,Eunomia
1,1,1995,9,230,Eunomia
1,1,1995,10,230,Eunomia
1,1,1995,11,230,Eunomia
1,1,1995,12,230,Eunomia
1,1,1996,1,230,Eunomia
1,1,1996,2,230,Eunomia
1,1,1996,3,230,Eunomia
1,1,1996,4,230,Eunomia
1,1,1996,5,230,Eunomia
1,1,1996,6,230,Eunomia
1,1,1996,7,230,Eunomia
1,1,1996,8,230,Eunomia
1,1,1996,9,230,Eunomia
1,1,1996,10,229,Eunomia
1,1,1996,11,229,Eunomia
1,1,1996,12,229,Eunomia
1,1,1997,1,229,Eunomia
1,1,1997,2,229,Eunomia
1,1,1997,3,229,Eunomia
1,1,1997,4,229,Eunomia
1,1,1997,5,229,Eunomia
1,1,1997,6,228,Eunomia
1,1,1997,7,228,Eunomia
1,1,1997,8,228,Eunomia
1,1,1997,9,228,Eunomia
1,1,1997,10,228,Eunomia
1,1,1997,11,228,Eunomia
1,1,1997,12,228,Eunomia
1,1,1998,1,228,Eunomia
1,1,1998,2,228,Eunomia
1,1,1998,3,228,Eunomia
1,1,1998,4,228,Eunomia
1,1,1998,5,228,Eunomia
1,1,1998,6,228,Eunomia
1,1,1998,7,228,Eunomia
1,1,1998,8,228,Eunomia
1,1,1998,9,228,Eunomia
1,1,1998,10,228,Eunomia
1,1,1998,11,228,Eunomia
1,1,1998,12,228,Eunomia
1,1,1999,1,228,Eunomia
1,1,1999,2,228,Eunomia
1,1,1999,3,228,Eunomia
1,1,1999,4,228,Eunomia
1,1,1999,5,228,Eunomia
1,1,1999,6,228,Eunomia
1,1,1999,7,228,Eunomia
1,1,1999,8,228,Eunomia
1,1,1999,9,228,Eunomia
1,1,1999,10,228,Eunomia
1,1,1999,11,228,Eunomia
1,1,1999,12,228,Eunomia
1,1,2000,1,228,Eunomia
1,1,2000,2,228,Eunomia
1,1,2000,3,228,Eunomia
1,1,2000,4,227,Eunomia
1,1,2000,5,227,Eunomia
1,1,2000,6,227,Eunomia
1,1,2000,7,227,Eunomia
1,1,2000,8,227,Eunomia
1,1,2000,9,227,Eunomia
1,1,2000,10,227,Eunomia
1,1,2000,11,227,Eunomia
1,1,2000,12,227,Eunomia
1,1,2001,1,227,Eunomia
1,1,2001,2,227,Eunomia
1,1,2001,3,227,Eunomia
1,1,2001,4,227,Eunomia
1,1,2001,5,227,Eunomia
1,1,2001,6,227,Eunomia
1,1,2001,7,227,Eunomia
1,1,2001,8,227,Eunomia
1,1,2001,9,227,Eunomia
1,1,2001,10,227,Eunomia
1,1,2001,11,227,Eunomia
1,1,2001,12,227,Eunomia
1,1,2002,1,227,Eunomia
1,1,2002,2,227,Eunomia
1,1,2002,3,227,Eunomia
1,1,2002,4,227,Eunomia
1,1,2002,5,227,Eunomia
1,1,2002,6,227,Eunomia
1,1,2002,7,227,Eunomia
1,1,2002,8,227,Eunomia
1,1,2002,9,227,Eunomia
1,1,2002,10,226,Eunomia
1,1,2002,11,226,Eunomia
1,1,2002,12,226,Eunomia
1,1,2003,1,226,Eunomia
1,1,2003,2,226,Eunomia
1,1,2003,3,226,Eunomia
1,1,2003,4,226,Eunomia
1,1,2003,5,226,Eunomia
1,1,2003,6,226,Eunomia
1,1,2003,7,226,Eunomia
1,1,2003,8,226,Eunomia
1,1,2003,9,226,Eunomia
1,1,2003,10,226,Eunomia
1,1,2003,11,226,Eunomia
1,1,2003,12,226,Eunomia
1,1,2004,1,226,Eunomia
1,1,2004,2,226,Eunomia
1,1,2004,3,226,Eunomia
1,1,2004,4,226,Eunomia
1,1,2004,5,226,Eunomia
1,1,2004,6,226,Eunomia
1,1,2004,7,226,Eunomia
1,1,2004,8,226,Eunomia
1,1,2004,9,226,Eunomia
1,1,2004,10,226,Eunomia
1,1,2004,11,226,Eunomia
1,1,2004,12,226,Eunomia
1,1,2005,1,226,Eunomia
1,1,2005,2,226,Eunomia
1,1,2005,3,226,Eunomia
1,1,2005,4,226,Eunomia
1,1,2005,5,226,Eunomia
1,1,2005,6,226,Eunomia
1,1,2005,7,226,Eunomia
1,1,2005,8,225,Eunomia
1,1,2005,9,225,Eunomia
1,1,2005,10,225,Eunomia
1,1,2005,11,225,Eunomia
1,1,2005,12,225,Eunomia
1,1,2006,1,225,Eunomia
1,1,2006,2,225,Eunomia
1,1,2006,3,225,Eunomia
1,1,2006,4,225,Eunomia
1,1,2006,5,225,Eunomia
1,1,2006,6,225,Eunomia
1,1,2006,7,225,Eunomia
1,1,2006,8,225,Eunomia
1,1,2006,9,225,Eunomia
1,1,2006,10,225,Eunomia
1,1,2006,11,225,Eunomia
1,1,2006,12,225,Eunomia
1,1,2007,1,225,Eunomia
1,1,2007,2,225,Eunomia
1,1,2007,3,225,Eunomia
1,1,2007,4,225,Eunomia
1,1,2007,5,225,Eunomia
1,1,2007,6,225,Eunomia
1,1,2007,7,225,Eunomia
1,1,2007,8,225,Eunomia
1,1,2007,9,225,Eunomia
1,1,2007,10,225,Eunomia
1,1,2007,11,225,Eunomia
1,1,2007,12,225,Eunomia
1,1,2008,1,225,Eunomia
1,1,2008,2,225,Eunomia
1,1,2008,3,225,Eunomia
1,1,2008,4,225,Eunomia
1,1,2008,5,225,Eunomia
1,1,2008,6,225,Eunomia
1,1,2008,7,225,Eunomia
1,1,2008,8,225,Eunomia
1,1,2008,9,225,Eunomia
1,1,2008,10,225,Eunomia
1,1,2008,11,225,Eunomia
1,1,2008,12,225,Eunomia
1,1,2009,1,225,Eunomia
1,1,2009,2,225,Eunomia
1,1,2009,3,225,Eunomia
1,1,2009,4,224,Eunomia
1,1,2009,5,224,Eunomia
1,1,2009,6,224,Eunomia
1,1,2009,7,224,Eunomia
1,1,2009,8,224,Eunomia
1,1,2009,9,224,Eunomia
1,1,2009,10,224,Eunomia
1,1,2009,11,224,Eunomia
1,1,2009,12,224,Eunomia
1,1,2010,1,223,Eunomia
1,1,2010,2,223,Eunomia
1,1,2010,3,223,Eunomia
1,1,2010,4,223,Eunomia
1,1,2010,5,223,Eunomia
1,1,2010,6,223,Eunomia
1,1,2010,7,223,Eunomia
1,1,2010,8,223,Eunomia
1,1,2010,9,223,Eunomia
1,1,2010,10,223,Eunomia
1,1,2010,11,223,Eunomia
1,1,2010,12,223,Eunomia
1,1,2011,1,223,Eunomia
1,1,2011,2,223,Eunomia
1,1,2011,3,223,Eunomia
1,1,2011,4,223,Eunomia
1,1,2011,5,223,Eunomia
1,1,2011,6,222,Eunomia
1,1,2011,7,222,Eunomia
1,1,2011,8,222,Eunomia
1,1,2011,9,222,Eunomia
1,1,2011,10,221,Eunomia
1,1,2011,11,221,Eunomia
1,1,2011,12,221,Eunomia
1,1,2012,1,221,Eunomia
1,1,2012,2,221,Eunomia
1,1,2012,3,221,Eunomia
1,1,2012,4,221,Eunomia
1,1,2012,5,221,Eunomia
1,1,2012,6,221,Eunomia
1,1,2012,7,221,Eunomia
1,1,2012,8,221,Eunomia
1,1,2012,9,221,Eunomia
1,1,2012,10,221,Eunomia
1,1,2012,11,221,Eunomia
1,1,2012,12,221,Eunomia
1,1,2013,1,221,Eunomia
1,1,2013,2,221,Eunomia
1,1,2013,3,221,Eunomia
1,1,2013,4,221,Eunomia
1,1,2013,5,221,Eunomia
1,1,2013,6,221,Eunomia
1,1,2013,7,221,Eunomia
1,1,2013,8,221,Eunomia
1,1,2013,9,221,Eunomia
1,1,2013,10,221,Eunomia
1,1,2013,11,221,Eunomia
1,1,2013,12,221,Eunomia
1,1,2014,1,221,Eunomia
1,1,2014,2,221,Eunomia
1,1,2014,3,220,Eunomia
1,1,2014,4,220,Eunomia
1,1,2014,5,220,Eunomia
1,1,2014,6,220,Eunomia
1,1,2014,7,220,Eunomia
1,1,2014,8,220,Eunomia
1,1,2014,9,219,Eunomia
1,1,2014,10,219,Eunomia
1,1,2014,11,218,Eunomia
1,1,2014,12,218,Eunomia
1,1,2015,1,218,Eunomia
1,1,2015,2,218,Eunomia
1,1,2015,3,218,Eunomia
1,1,2015,4,218,Eunomia
1,1,2015,5,218,Eunomia
1,1,2015,6,218,Eunomia
1,1,2015,7,218,Eunomia
1,1,2015,8,218,Eunomia
1,1,2015,9,218,Eunomia
1,1,2015,10,218,Eunomia
1,1,2015,11,218,Eunomia
1,1,2015,12,218,Eunomia
1,1,2016,1,218,Eunomia
1,1,2016,2,218,Eunomia
1,1,2016,3,217,Eunomia
1,1,2016,4,217,Eunomia
1,1,2016,5,217,Eunomia
1,1,2016,6,217,Eunomia
1,1,2016,7,216,Eunomia
1,1,2016,8,216,Eunomia
1,1,2016,9,216,Eunomia
1,1,2016,10,216,Eunomia
1,1,2016,11,216,Eunomia
1,1,2016,12,216,Eunomia
1,1,2017,1,215,Eunomia
1,1,2017,2,214,Eunomia
1,1,2017,3,214,Eunomia
1,1,2017,4,213,Eunomia
1,1,2017,5,213,Eunomia
1,1,2017,6,211,Eunomia
1,1,2017,7,209,Eunomia
1,1,2017,8,208,Eunomia
1,1,2017,9,207,Eunomia
1,1,2017,10,205,Eunomia
1,1,2017,11,201,Eunomia
1,1,2017,12,200,Eunomia
1,1,2018,1,199,Eunomia
1,1,2018,2,198,Eunomia
1,1,2018,3,194,Eunomia
1,1,2018,4,193,Eunomia
1,1,2018,5,191,Eunomia
1,1,2018,6,178,Eunomia
1,1,2018,7,165,Eunomia
1,1,2018,8,154,Eunomia
1,1,2018,9,140,Eunomia
1,1,2018,10,128,Eunomia
1,1,2018,11,118,Eunomia
1,1,2018,12,97,Eunomia
1,1,2019,1,83,Eunomia
1,1,2019,2,64,Eunomia
1,1,2019,3,44,Eunomia
1,1,2019,4,21,Eunomia
1,3,1909,9,-5,Eunomia
1,3,1909,10,-5,Eunomia
1,3,1909,11,-5,Eunomia
1,3,1909,12,-5,Eunomia
1,3,1910,1,-5,Eunomia
1,3,1910,2,-5,Eunomia
1,3,1910,3,-5,Eunomia
1,3,1910,4,-5,Eunomia
1,3,1910,5,-5,Eunomia
1,3,1910,6,-5,Eunomia
1,3,1910,7,-5,Eunomia
1,3,1910,8,-5,Eunomia
1,3,1910,9,5,Eunomia
1,3,1910,10,5,Eunomia
1,3,1910,11,5,Eunomia
1,3,1910,12,5,Eunomia
1,3,1911,1,5,Eunomia
1,3,1911,2,5,Eunomia
1,3,1911,3,5,Eunomia
1,3,1911,4,5,Eunomia
1,3,1911,5,5,Eunomia
1,3,1911,6,5,Eunomia
1,3,1911,7,5,Eunomia
1,3,1911,8,5,Eunomia
1,3,1911,9,5,Eunomia
1,3,1911,10,5,Eunomia
1,3,1911,11,5,Eunomia
1,3,1911,12,5,Eunomia
1,3,1912,1,7,Eunomia
1,3,1912,2,7,Eunomia
1,3,1912,3,7,Eunomia
1,3,1912,4,9,Eunomia
1,3,1912,5,9,Eunomia
1,3,1912,6,9,Eunomia
1,3,1912,7,9,Eunomia
1,3,1912,8,9,Eunomia
1,3,1912,9,9,Eunomia
1,3,1912,10,11,Eunomia
1,3,1912,11,11,Eunomia
1,3,1912,12,11,Eunomia
1,3,1913,1,11,Eunomia
1,3,1913,2,11,Eunomia
1,3,1913,3,11,Eunomia
1,3,1913,4,11,Eunomia
1,3,1913,5,11,Eunomia
1,3,1913,6,13,Eunomia
1,3,1913,7,13,Eunomia
1,3,1913,8,13,Eunomia
1,3,1913,9,13,Eunomia
1,3,1913,10,13,Eunomia
1,3,1913,11,13,Eunomia
1,3,1913,12,13,Eunomia
1,3,1914,1,13,Eunomia
1,3,1914,2,14,Eunomia
1,3,1914,3,17,Eunomia
1,3,1914,4,18,Eunomia
1,3,1914,5,18,Eunomia
1,3,1914,6,18,Eunomia
1,3,1914,7,19,Eunomia
1,3,1914,8,19,Eunomia
1,3,1914,9,19,Eunomia
1,3,1914,10,19,Eunomia
1,3,1914,11,19,Eunomia
1,3,1914,12,19,Eunomia
1,3,1915,1,19,Eunomia
1,3,1915,2,19,Eunomia
1,3,1915,3,24,Eunomia
1,3,1915,4,24,Eunomia
1,3,1915,5,24,Eunomia
1,3,1915,6,24,Eunomia
1,3,1915,7,24,Eunomia
1,3,1915,8,24,Eunomia
1,3,1915,9,24,Eunomia
1,3,1915,10,24,Eunomia
1,3,1915,11,24,Eunomia
1,3,1915,12,24,Eunomia
1,3,1916,1,24,Eunomia
1,3,1916,2,24,Eunomia
1,3,1916,3,24,Eunomia
1,3,1916,4,24,Eunomia
1,3,1916,5,24,Eunomia
1,3,1916,6,24,Eunomia
1,3,1916,7,24,Eunomia
1,3,1916,8,25,Eunomia
1,3,1916,9,25,Eunomia
1,3,1916,10,25,Eunomia
1,3,1916,11,25,Eunomia
1,3,1916,12,25,Eunomia
1,3,1917,1,27,Eunomia
1,3,1917,2,27,Eunomia
1,3,1917,3,27,Eunomia
1,3,1917,4,27,Eunomia
1,3,1917,5,27,Eunomia
1,3,1917,6,27,Eunomia
1,3,1917,7,27,Eunomia
1,3,1917,8,27,Eunomia
1,3,1917,9,27,Eunomia
1,3,1917,10,27,Eunomia
1,3,1917,11,27,Eunomia
1,3,1917,12,27,Eunomia
1,3,1918,1,27,Eunomia
1,3,1918,2,28,Eunomia
1,3,1918,3,28,Eunomia
1,3,1918,4,28,Eunomia
1,3,1918,5,28,Eunomia
1,3,1918,6,28,Eunomia
1,3,1918,7,28,Eunomia
1,3,1918,8,28,Eunomia
1,3,1918,9,28,Eunomia
1,3,1918,10,28,Eunomia
1,3,1918,11,31,Eunomia
1,3,1918,12,31,Eunomia
1,3,1919,1,35,Eunomia
1,3,1919,2,35,Eunomia
1,3,1919,3,35,Eunomia
1,3,1919,4,35,Eunomia
1,3,1919,5,35,Eunomia
1,3,1919,6,35,Eunomia
1,3,1919,7,35,Eunomia
1,3,1919,8,35,Eunomia
1,3,1919,9,35,Eunomia
1,3,1919,10,35,Eunomia
1,3,1919,11,35,Eunomia
1,3,1919,12,35,Eunomia
1,3,1920,1,35,Eunomia
1,3,1920,2,38,Eunomia
1,3,1920,3,38,Eunomia
1,3,1920,4,38,Eunomia
1,3,1920,5,41,Eunomia
1,3,1920,6,41,Eunomia
1,3,1920,7,41,Eunomia
1,3,1920,8,41,Eunomia
1,3,1920,9,41,Eunomia
1,3,1920,10,41,Eunomia
1,3,1920,11,41,Eunomia
1,3,1920,12,41,Eunomia
1,3,1921,1,41,Eunomia
1,3,1921,2,41,Eunomia
1,3,1921,3,41,Eunomia
1,3,1921,4,41,Eunomia
1,3,1921,5,41,Eunomia
1,3,1921,6,41,Eunomia
1,3,1921,7,41,Eunomia
1,3,1921,8,41,Eunomia
1,3,1921,9,41,Eunomia
1,3,1921,10,41,Eunomia
1,3,1921,11,41,Eunomia
1,3,1921,12,41,Eunomia
1,3,1922,1,41,Eunomia
1,3,1922,2,41,Eunomia
1,3,1922,3,43,Eunomia
1,3,1922,4,43,Eunomia
1,3,1922,5,43,Eunomia
1,3,1922,6,43,Eunomia
1,3,1922,7,43,Eunomia
1,3,1922,8,43,Eunomia
1,3,1922,9,53,Eunomia
1,3,1922,10,53,Eunomia
1,3,1922,11,53,Eunomia
1,3,1922,12,53,Eunomia
1,3,1923,1,53,Eunomia
1,3,1923,2,53,Eunomia
1,3,1923,3,53,Eunomia
1,3,1923,4,53,Eunomia
1,3,1923,5,53,Eunomia
1,3,1923,6,53,Eunomia
1,3,1923,7,53,Eunomia
1,3,1923,8,53,Eunomia
1,3,1923,9,53,Eunomia
1,3,1923,10,53,Eunomia
1,3,1923,11,57,Eunomia
1,3,1923,12,57,Eunomia
1,3,1924,1,57,Eunomia
1,3,1924,2,57,Eunomia
1,3,1924,3,57,Eunomia
1,3,1924,4,57,Eunomia
1,3,1924,5,58,Eunomia
1,3,1924,6,58,Eunomia
1,3,1924,7,58,Eunomia
1,3,1924,8,58,Eunomia
1,3,1924,9,58,Eunomia
1,3,1924,10,59,Eunomia
1,3,1924,11,59,Eunomia
1,3,1924,12,59,Eunomia
1,3,1925,1,59,Eunomia
1,3,1925,2,59,Eunomia
1,3,1925,3,59,Eunomia
1,3,1925,4,59,Eunomia
1,3,1925,5,59,Eunomia
1,3,1925,6,59,Eunomia
1,3,1925,7,63,Eunomia
1,3,1925,8,63,Eunomia
1,3,1925,9,64,Eunomia
1,3,1925,10,66,Eunomia
1,3,1925,11,66,Eunomia
1,3,1925,12,66,Eunomia
1,3,1926,1,66,Eunomia
1,3,1926,2,66,Eunomia
1,3,1926,3,66,Eunomia
1,3,1926,4,66,Eunomia
1,3,1926,5,66,Eunomia
1,3,1926,6,66,Eunomia
1,3,1926,7,67,Eunomia
1,3,1926,8,67,Eunomia
1,3,1926,9,67,Eunomia
1,3,1926,10,67,Eunomia
1,3,1926,11,67,Eunomia
1,3,1926,12,67,Eunomia
1,3,1927,1,67,Eunomia
1,3,1927,2,67,Eunomia
1,3,1927,3,67,Eunomia
1,3,1927,4,67,Eunomia
1,3,1927,5,67,Eunomia
1,3,1927,6,69,Eunomia
1,3,1927,7,69,Eunomia
1,3,1927,8,69,Eunomia
1,3,1927,9,69,Eunomia
1,3,1927,10,69,Eunomia
1,3,1927,11,71,Eunomia
1,3,1927,12,71,Eunomia
1,3,1928,1,71,Eunomia
1,3,1928,2,71,Eunomia
1,3,1928,3,71,Eunomia
1,3,1928,4,71,Eunomia
1,3,1928,5,71,Eunomia
1,3,1928,6,71,Eunomia
1,3,1928,7,71,Eunomia
1,3,1928,8,71,Eunomia
1,3,1928,9,71,Eunomia
1,3,1928,10,71,Eunomia
1,3,1928,11,71,Eunomia
1,3,1928,12,71,Eunomia
1,3,1929,1,71,Eunomia
1,3,1929,2,71,Eunomia
1,3,1929,3,71,Eunomia
1,3,1929,4,71,Eunomia
1,3,1929,5,71,Eunomia
1,3,1929,6,71,Eunomia
1,3,1929,7,71,Eunomia
1,3,1929,8,71,Eunomia
1,3,1929,9,71,Eunomia
1,3,1929,10,71,Eunomia
1,3,1929,11,71,Eunomia
1,3,1929,12,71,Eunomia
1,3,1930,1,71,Eunomia
1,3,1930,2,72,Eunomia
1,3,1930,3,72,Eunomia
1,3,1930,4,72,Eunomia
1,3,1930,5,72,Eunomia
1,3,1930,6,72,Eunomia
1,3,1930,7,72,Eunomia
1,3,1930,8,72,Eunomia
1,3,1930,9,73,Eunomia
1,3,1930,10,75,Eunomia
1,3,1930,11,75,Eunomia
1,3,1930,12,78,Eunomia
1,3,1931,1,78,Eunomia
1,3,1931,2,78,Eunomia
1,3,1931,3,78,Eunomia
1,3,1931,4,78,Eunomia
1,3,1931,5,79,Eunomia
1,3,1931,6,79,Eunomia
1,3,1931,7,79,Eunomia
1,3,1931,8,79,Eunomia
1,3,1931,9,79,Eunomia
1,3,1931,10,79,Eunomia
1,3,1931,11,80,Eunomia
1,3,1931,12,80,Eunomia
1,3,1932,1,80,Eunomia
1,3,1932,2,80,Eunomia
1,3,1932,3,80,Eunomia
1,3,1932,4,80,Eunomia
1,3,1932,5,80,Eunomia
1,3,1932,6,80,Eunomia
1,3,1932,7,80,Eunomia
1,3,1932,8,80,Eunomia
1,3,1932,9,80,Eunomia
1,3,1932,10,80,Eunomia
1,3,1932,11,80,Eunomia
1,3,1932,12,80,Eunomia
1,3,1933,1,80,Eunomia
1,3,1933,2,80,Eunomia
1,3,1933,3,80,Eunomia
1,3,1933,4,80,Eunomia
1,3,1933,5,80,Eunomia
1,3,1933,6,80,Eunomia
1,3,1933,7,83,Eunomia
1,3,1933,8,83,Eunomia
1,3,1933,9,83,Eunomia
1,3,1933,10,83,Eunomia
1,3,1933,11,85,Eunomia
1,3,1933,12,85,Eunomia
1,3,1934,1,85,Eunomia
1,3,1934,2,85,Eunomia
1,3,1934,3,85,Eunomia
1,3,1934,4,85,Eunomia
1,3,1934,5,85,Eunomia
1,3,1934,6,85,Eunomia
1,3,1934,7,85,Eunomia
1,3,1934,8,85,Eunomia
1,3,1934,9,85,Eunomia
1,3,1934,10,85,Eunomia
1,3,1934,11,85,Eunomia
1,3,1934,12,85,Eunomia
1,3,1935,1,85,Eunomia
1,3,1935,2,86,Eunomia
1,3,1935,3,86,Eunomia
1,3,1935,4,86,Eunomia
1,3,1935,5,87,Eunomia
1,3,1935,6,88,Eunomia
1,3,1935,7,90,Eunomia
1,3,1935,8,90,Eunomia
1,3,1935,9,90,Eunomia
1,3,1935,10,91,Eunomia
1,3,1935,11,96,Eunomia
1,3,1935,12,96,Eunomia
1,3,1936,1,96,Eunomia
1,3,1936,2,96,Eunomia
1,3,1936,3,99,Eunomia
1,3,1936,4,99,Eunomia
1,3,1936,5,101,Eunomia
1,3,1936,6,102,Eunomia
1,3,1936,7,103,Eunomia
1,3,1936,8,103,Eunomia
1,3,1936,9,103,Eunomia
1,3,1936,10,105,Eunomia
1,3,1936,11,105,Eunomia
1,3,1936,12,105,Eunomia
1,3,1937,1,107,Eunomia
1,3,1937,2,108,Eunomia
1,3,1937,3,108,Eunomia
1,3,1937,4,109,Eunomia
1,3,1937,5,111,Eunomia
1,3,1937,6,113,Eunomia
1,3,1937,7,114,Eunomia
1,3,1937,8,116,Eunomia
1,3,1937,9,118,Eunomia
1,3,1937,10,118,Eunomia
1,3,1937,11,118,Eunomia
1,3,1937,12,119,Eunomia
1,3,1938,1,119,Eunomia
1,3,1938,2,120,Eunomia
1,3,1938,3,121,Eunomia
1,3,1938,4,122,Eunomia
1,3,1938,5,123,Eunomia
1,3,1938,6,123,Eunomia
1,3,1938,7,124,Eunomia
1,3,1938,8,124,Eunomia
1,3,1938,9,124,Eunomia
1,3,1938,10,127,Eunomia
1,3,1938,11,129,Eunomia
1,3,1938,12,129,Eunomia
1,3,1939,1,132,Eunomia
1,3,1939,2,132,Eunomia
1,3,1939,3,135,Eunomia
1,3,1939,4,137,Eunomia
1,3,1939,5,137,Eunomia
1,3,1939,6,138,Eunomia
1,3,1939,7,138,Eunomia
1,3,1939,8,139,Eunomia
1,3,1939,9,139,Eunomia
1,3,1939,10,141,Eunomia
1,3,1939,11,143,Eunomia
1,3,1939,12,143,Eunomia
1,3,1940,1,143,Eunomia
1,3,1940,2,143,Eunomia
1,3,1940,3,143,Eunomia
1,3,1940,4,144,Eunomia
1,3,1940,5,146,Eunomia
1,3,1940,6,146,Eunomia
1,3,1940,7,150,Eunomia
1,3,1940,8,150,Eunomia
1,3,1940,9,153,Eunomia
1,3,1940,10,154,Eunomia
1,3,1940,11,157,Eunomia
1,3,1940,12,158,Eunomia
1,3,1941,1,159,Eunomia
1,3,1941,2,160,Eunomia
1,3,1941,3,160,Eunomia
1,3,1941,4,160,Eunomia
1,3,1941,5,164,Eunomia
1,3,1941,6,165,Eunomia
1,3,1941,7,165,Eunomia
1,3,1941,8,165,Eunomia
1,3,1941,9,166,Eunomia
1,3,1941,10,168,Eunomia
1,3,1941,11,169,Eunomia
1,3,1941,12,169,Eunomia
1,3,1942,1,173,Eunomia
1,3,1942,2,175,Eunomia
1,3,1942,3,175,Eunomia
1,3,1942,4,175,Eunomia
1,3,1942,5,175,Eunomia
1,3,1942,6,175,Eunomia
1,3,1942,7,177,Eunomia
1,3,1942,8,179,Eunomia
1,3,1942,9,179,Eunomia
1,3,1942,10,181,Eunomia
1,3,1942,11,183,Eunomia
1,3,1942,12,183,Eunomia
1,3,1943,1,184,Eunomia
1,3,1943,2,184,Eunomia
1,3,1943,3,184,Eunomia
1,3,1943,4,185,Eunomia
1,3,1943,5,186,Eunomia
1,3,1943,6,189,Eunomia
1,3,1943,7,192,Eunomia
1,3,1943,8,192,Eunomia
1,3,1943,9,192,Eunomia
1,3,1943,10,193,Eunomia
1,3,1943,11,193,Eunomia
1,3,1943,12,196,Eunomia
1,3,1944,1,196,Eunomia
1,3,1944,2,198,Eunomia
1,3,1944,3,199,Eunomia
1,3,1944,4,201,Eunomia
1,3,1944,5,207,Eunomia
1,3,1944,6,209,Eunomia
1,3,1944,7,210,Eunomia
1,3,1944,8,211,Eunomia
1,3,1944,9,211,Eunomia
1,3,1944,10,211,Eunomia
1,3,1944,11,211,Eunomia
1,3,1944,12,212,Eunomia
1,3,1945,1,213,Eunomia
1,3,1945,2,213,Eunomia
1,3,1945,3,214,Eunomia
1,3,1945,4,215,Eunomia
1,3,1945,5,219,Eunomia
1,3,1945,6,219,Eunomia
1,3,1945,7,220,Eunomia
1,3,1945,8,223,Eunomia
1,3,1945,9,224,Eunomia
1,3,1945,10,225,Eunomia
1,3,1945,11,225,Eunomia
1,3,1945,12,227,Eunomia
1,3,1946,1,227,Eunomia
1,3,1946,2,230,Eunomia
1,3,1946,3,230,Eunomia
1,3,1946,4,235,Eunomia
1,3,1946,5,238,Eunomia
1,3,1946,6,238,Eunomia
1,3,1946,7,238,Eunomia
1,3,1946,8,242,Eunomia
1,3,1946,9,245,Eunomia
1,3,1946,10,245,Eunomia
1,3,1946,11,245,Eunomia
1,3,1946,12,246,Eunomia
1,3,1947,1,248,Eunomia
1,3,1947,2,250,Eunomia
1,3,1947,3,252,Eunomia
1,3,1947,4,252,Eunomia
1,3,1947,5,253,Eunomia
1,3,1947,6,256,Eunomia
1,3,1947,7,256,Eunomia
1,3,1947,8,262,Eunomia
1,3,1947,9,267,Eunomia
1,3,1947,10,267,Eunomia
1,3,1947,11,267,Eunomia
1,3,1947,12,267,Eunomia
1,3,1948,1,269,Eunomia
1,3,1948,2,272,Eunomia
1,3,1948,3,273,Eunomia
1,3,1948,4,273,Eunomia
1,3,1948,5,277,Eunomia
1,3,1948,6,280,Eunomia
1,3,1948,7,281,Eunomia
1,3,1948,8,281,Eunomia
1,3,1948,9,281,Eunomia
1,3,1948,10,284,Eunomia
1,3,1948,11,285,Eunomia
1,3,1948,12,285,Eunomia
1,3,1949,1,286,Eunomia
1,3,1949,2,289,Eunomia
1,3,1949,3,289,Eunomia
1,3,1949,4,292,Eunomia
1,3,1949,5,292,Eunomia
1,3,1949,6,293,Eunomia
1,3,1949,7,296,Eunomia
1,3,1949,8,297,Eunomia
1,3,1949,9,298,Eunomia
1,3,1949,10,299,Eunomia
1,3,1949,11,301,Eunomia
1,3,1949,12,302,Eunomia
1,3,1950,1,312,Eunomia
1,3,1950,2,312,Eunomia
1,3,1950,3,316,Eunomia
1,3,1950,4,318,Eunomia
1,3,1950,5,320,Eunomia
1,3,1950,6,320,Eunomia
1,3,1950,7,322,Eunomia
1,3,1950,8,327,Eunomia
1,3,1950,9,327,Eunomia
1,3,1950,10,327,Eunomia
1,3,1950,11,331,Eunomia
1,3,1950,12,331,Eunomia
1,3,1951,1,332,Eunomia
1,3,1951,2,335,Eunomia
1,3,1951,3,338,Eunomia
1,3,1951,4,342,Eunomia
1,3,1951,5,345,Eunomia
1,3,1951,6,347,Eunomia
1,3,1951,7,354,Eunomia
1,3,1951,8,358,Eunomia
1,3,1951,9,359,Eunomia
1,3,1951,10,360,Eunomia
1,3,1951,11,360,Eunomia
1,3,1951,12,364,Eunomia
1,3,1952,1,368,Eunomia
1,3,1952,2,377,Eunomia
1,3,1952,3,379,Eunomia
1,3,1952,4,381,Eunomia
1,3,1952,5,383,Eunomia
1,3,1952,6,387,Eunomia
1,3,1952,7,390,Eunomia
1,3,1952,8,391,Eunomia
1,3,1952,9,394,Eunomia
1,3,1952,10,398,Eunomia
1,3,1952,11,401,Eunomia
1,3,1952,12,402,Eunomia
1,3,1953,1,406,Eunomia
1,3,1953,2,406,Eunomia
1,3,1953,3,408,Eunomia
1,3,1953,4,411,Eunomia
1,3,1953,5,412,Eunomia
1,3,1953,6,412,Eunomia
1,3,1953,7,414,Eunomia
1,3,1953,8,417,Eunomia
1,3,1953,9,418,Eunomia
1,3,1953,10,418,Eunomia
1,3,1953,11,418,Eunomia
1,3,1953,12,419,Eunomia
1,3,1954,1,420,Eunomia
1,3,1954,2,422,Eunomia
1,3,1954,3,423,Eunomia
1,3,1954,4,424,Eunomia
1,3,1954,5,427,Eunomia
1,3,1954,6,428,Eunomia
1,3,1954,7,430,Eunomia
1,3,1954,8,431,Eunomia
1,3,1954,9,433,Eunomia
1,3,1954,10,435,Eunomia
1,3,1954,11,437,Eunomia
1,3,1954,12,439,Eunomia
1,3,1955,1,443,Eunomia
1,3,1955,2,446,Eunomia
1,3,1955,3,447,Eunomia
1,3,1955,4,452,Eunomia
1,3,1955,5,456,Eunomia
1,3,1955,6,456,Eunomia
1,3,1955,7,458,Eunomia
1,3,1955,8,461,Eunomia
1,3,1955,9,461,Eunomia
1,3,1955,10,462,Eunomia
1,3,1955,11,463,Eunomia
1,3,1955,12,464,Eunomia
1,3,1956,1,467,Eunomia
1,3,1956,2,471,Eunomia
1,3,1956,3,475,Eunomia
1,3,1956,4,477,Eunomia
1,3,1956,5,478,Eunomia
1,3,1956,6,479,Eunomia
1,3,1956,7,480,Eunomia
1,3,1956,8,485,Eunomia
1,3,1956,9,489,Eunomia
1,3,1956,10,497,Eunomia
1,3,1956,11,500,Eunomia
1,3,1956,12,502,Eunomia
1,3,1957,1,505,Eunomia
1,3,1957,2,506,Eunomia
1,3,1957,3,508,Eunomia
1,3,1957,4,512,Eunomia
1,3,1957,5,514,Eunomia
1,3,1957,6,517,Eunomia
1,3,1957,7,520,Eunomia
1,3,1957,8,523,Eunomia
1,3,1957,9,525,Eunomia
1,3,1957,10,527,Eunomia
1,3,1957,11,529,Eunomia
1,3,1957,12,530,Eunomia
1,3,1958,1,534,Eunomia
1,3,1958,2,537,Eunomia
1,3,1958,3,538,Eunomia
1,3,1958,4,543,Eunomia
1,3,1958,5,544,Eunomia
1,3,1958,6,545,Eunomia
1,3,1958,7,548,Eunomia
1,3,1958,8,551,Eunomia
1,3,1958,9,553,Eunomia
1,3,1958,10,558,Eunomia
1,3,1958,11,560,Eunomia
1,3,1958,12,562,Eunomia
1,3,1959,1,563,Eunomia
1,3,1959,2,564,Eunomia
1,3,1959,3,565,Eunomia
1,3,1959,4,569,Eunomia
1,3,1959,5,574,Eunomia
1,3,1959,6,580,Eunomia
1,3,1959,7,585,Eunomia
1,3,1959,8,587,Eunomia
1,3,1959,9,594,Eunomia
1,3,1959,10,596,Eunomia
1,3,1959,11,602,Eunomia
1,3,1959,12,603,Eunomia
1,3,1960,1,603,Eunomia
1,3,1960,2,609,Eunomia
1,3,1960,3,610,Eunomia
1,3,1960,4,614,Eunomia
1,3,1960,5,617,Eunomia
1,3,1960,6,620,Eunomia
1,3,1960,7,623,Eunomia
1,3,1960,8,626,Eunomia
1,3,1960,9,630,Eunomia
1,3,1960,10,635,Eunomia
1,3,1960,11,639,Eunomia
1,3,1960,12,640,Eunomia
1,3,1961,1,644,Eunomia
1,3,1961,2,644,Eunomia
1,3,1961,3,647,Eunomia
1,3,1961,4,650,Eunomia
1,3,1961,5,651,Eunomia
1,3,1961,6,654,Eunomia
1,3,1961,7,657,Eunomia
1,3,1961,8,665,Eunomia
1,3,1961,9,666,Eunomia
1,3,1961,10,670,Eunomia
1,3,1961,11,674,Eunomia
1,3,1961,12,676,Eunomia
1,3,1962,1,680,Eunomia
1,3,1962,2,684,Eunomia
1,3,1962,3,688,Eunomia
1,3,1962,4,691,Eunomia
1,3,1962,5,693,Eunomia
1,3,1962,6,697,Eunomia
1,3,1962,7,700,Eunomia
1,3,1962,8,702,Eunomia
1,3,1962,9,704,Eunomia
1,3,1962,10,706,Eunomia
1,3,1962,11,709,Eunomia
1,3,1962,12,712,Eunomia
1,3,1963,1,717,Eunomia
1,3,1963,2,720,Eunomia
1,3,1963,3,721,Eunomia
1,3,1963,4,724,Eunomia
1,3,1963,5,727,Eunomia
1,3,1963,6,730,Eunomia
1,3,1963,7,732,Eunomia
1,3,1963,8,734,Eunomia
1,3,1963,9,736,Eunomia
1,3,1963,10,738,Eunomia
1,3,1963,11,742,Eunomia
1,3,1963,12,744,Eunomia
1,3,1964,1,749,Eunomia
1,3,1964,2,753,Eunomia
1,3,1964,3,757,Eunomia
1,3,1964,4,759,Eunomia
1,3,1964,5,761,Eunomia
1,3,1964,6,763,Eunomia
1,3,1964,7,766,Eunomia
1,3,1964,8,769,Eunomia
1,3,1964,9,773,Eunomia
1,3,1964,10,776,Eunomia
1,3,1964,11,780,Eunomia
1,3,1964,12,783,Eunomia
1,3,1965,1,784,Eunomia
1,3,1965,2,789,Eunomia
1,3,1965,3,793,Eunomia
1,3,1965,4,795,Eunomia
1,3,1965,5,801,Eunomia
1,3,1965,6,806,Eunomia
1,3,1965,7,807,Eunomia
1,3,1965,8,811,Eunomia
1,3,1965,9,812,Eunomia
1,3,1965,10,813,Eunomia
1,3,1965,11,816,Eunomia
1,3,1965,12,817,Eunomia
1,3,1966,1,821,Eunomia
1,3,1966,2,822,Eunomia
1,3,1966,3,825,Eunomia
1,3,1966,4,826,Eunomia
1,3,1966,5,830,Eunomia
1,3,1966,6,833,Eunomia
1,3,1966,7,837,Eunomia
1,3,1966,8,843,Eunomia
1,3,1966,9,848,Eunomia
1,3,1966,10,849,Eunomia
1,3,1966,11,851,Eunomia
1,3,1966,12,854,Eunomia
1,3,1967,1,854,Eunomia
1,3,1967,2,855,Eunomia
1,3,1967,3,858,Eunomia
1,3,1967,4,861,Eunomia
1,3,1967,5,864,Eunomia
1,3,1967,6,865,Eunomia
1,3,1967,7,869,Eunomia
1,3,1967,8,871,Eunomia
1,3,1967,9,874,Eunomia
1,3,1967,10,876,Eunomia
1,3,1967,11,879,Eunomia
1,3,1967,12,882,Eunomia
1,3,1968,1,883,Eunomia
1,3,1968,2,884,Eunomia
1,3,1968,3,888,Eunomia
1,3,1968,4,892,Eunomia
1,3,1968,5,895,Eunomia
1,3,1968,6,900,Eunomia
1,3,1968,7,903,Eunomia
1,3,1968,8,908,Eunomia
1,3,1968,9,912,Eunomia
1,3,1968,10,917,Eunomia
1,3,1968,11,918,Eunomia
1,3,1968,12,919,Eunomia
1,3,1969,1,920,Eunomia
1,3,1969,2,922,Eunomia
1,3,1969,3,926,Eunomia
1,3,1969,4,928,Eunomia
1,3,1969,5,932,Eunomia
1,3,1969,6,938,Eunomia
1,3,1969,7,941,Eunomia
1,3,1969,8,944,Eunomia
1,3,1969,9,948,Eunomia
1,3,1969,10,953,Eunomia
1,3,1969,11,953,Eunomia
1,3,1969,12,955,Eunomia
1,3,1970,1,961,Eunomia
1,3,1970,2,968,Eunomia
1,3,1970,3,968,Eunomia
1,3,1970,4,971,Eunomia
1,3,1970,5,974,Eunomia
1,3,1970,6,978,Eunomia
1,3,1970,7,979,Eunomia
1,3,1970,8,982,Eunomia
1,3,1970,9,983,Eunomia
1,3,1970,10,987,Eunomia
1,3,1970,11,991,Eunomia
1,3,1970,12,997,Eunomia
1,3,1971,1,999,Eunomia
1,3,1971,2,1001,Eunomia
1,3,1971,3,1005,Eunomia
1,3,1971,4,1007,Eunomia
1,3,1971,5,1011,Eunomia
1,3,1971,6,1015,Eunomia
1,3,1971,7,1015,Eunomia
1,3,1971,8,1018,Eunomia
1,3,1971,9,1023,Eunomia
1,3,1971,10,1026,Eunomia
1,3,1971,11,1026,Eunomia
1,3,1971,12,1029,Eunomia
1,3,1972,1,1033,Eunomia
1,3,1972,2,1035,Eunomia
1,3,1972,3,1037,Eunomia
1,3,1972,4,1040,Eunomia
1,3,1972,5,1044,Eunomia
1,3,1972,6,1047,Eunomia
1,3,1972,7,1049,Eunomia
1,3,1972,8,1053,Eunomia
1,3,1972,9,1054,Eunomia
1,3,1972,10,1058,Eunomia
1,3,1972,11,1062,Eunomia
1,3,1972,12,1066,Eunomia
1,3,1973,1,1070,Eunomia
1,3,1973,2,1073,Eunomia
1,3,1973,3,1076,Eunomia
1,3,1973,4,1081,Eunomia
1,3,1973,5,1086,Eunomia
1,3,1973,6,1092,Eunomia
1,3,1973,7,1093,Eunomia
1,3,1973,8,1096,Eunomia
1,3,1973,9,1102,Eunomia
1,3,1973,10,1102,Eunomia
1,3,1973,11,1103,Eunomia
1,3,1973,12,1108,Eunomia
1,3,1974,1,1112,Eunomia
1,3,1974,2,1112,Eunomia
1,3,1974,3,1113,Eunomia
1,3,1974,4,1115,Eunomia
1,3,1974,5,1117,Eunomia
1,3,1974,6,1118,Eunomia
1,3,1974,7,1121,Eunomia
1,3,1974,8,1127,Eunomia
1,3,1974,9,1129,Eunomia
1,3,1974,10,1131,Eunomia
1,3,1974,11,1131,Eunomia
1,3,1974,12,1131,Eunomia
1,3,1975,1,1133,Eunomia
1,3,1975,2,1136,Eunomia
1,3,1975,3,1139,Eunomia
1,3,1975,4,1140,Eunomia
1,3,1975,5,1144,Eunomia
1,3,1975,6,1148,Eunomia
1,3,1975,7,1151,Eunomia
1,3,1975,8,1152,Eunomia
1,3,1975,9,1154,Eunomia
1,3,1975,10,1156,Eunomia
1,3,1975,11,1161,Eunomia
1,3,1975,12,1161,Eunomia
1,3,1976,1,1163,Eunomia
1,3,1976,2,1166,Eunomia
1,3,1976,3,1167,Eunomia
1,3,1976,4,1169,Eunomia
1,3,1976,5,1169,Eunomia
1,3,1976,6,1170,Eunomia
1,3,1976,7,1173,Eunomia
1,3,1976,8,1176,Eunomia
1,3,1976,9,1178,Eunomia
1,3,1976,10,1180,Eunomia
1,3,1976,11,1183,Eunomia
1,3,1976,12,1185,Eunomia
1,3,1977,1,1185,Eunomia
1,3,1977,2,1186,Eunomia
1,3,1977,3,1186,Eunomia
1,3,1977,4,1188,Eunomia
1,3,1977,5,1192,Eunomia
1,3,1977,6,1193,Eunomia
1,3,1977,7,1193,Eunomia
1,3,1977,8,1195,Eunomia
1,3,1977,9,1197,Eunomia
1,3,1977,10,1198,Eunomia
1,3,1977,11,1202,Eunomia
1,3,1977,12,1203,Eunomia
1,3,1978,1,1203,Eunomia
1,3,1978,2,1205,Eunomia
1,3,1978,3,1205,Eunomia
1,3,1978,4,1209,Eunomia
1,3,1978,5,1211,Eunomia
1,3,1978,6,1213,Eunomia
1,3,1978,7,1217,Eunomia
1,3,1978,8,1218,Eunomia
1,3,1978,9,1218,Eunomia
1,3,1978,10,1220,Eunomia
1,3,1978,11,1221,Eunomia
1,3,1978,12,1223,Eunomia
1,3,1979,1,1224,Eunomia
1,3,1979,2,1226,Eunomia
1,3,1979,3,1225,Eunomia
1,3,1979,4,1227,Eunomia
1,3,1979,5,1228,Eunomia
1,3,1979,6,1228,Eunomia
1,3,1979,7,1229,Eunomia
1,3,1979,8,1230,Eunomia
1,3,1979,9,1231,Eunomia
1,3,1979,10,1234,Eunomia
1,3,1979,11,1235,Eunomia
1,3,1979,12,1234,Eunomia
1,3,1980,1,1235,Eunomia
1,3,1980,2,1235,Eunomia
1,3,1980,3,1235,Eunomia
1,3,1980,4,1237,Eunomia
1,3,1980,5,1239,Eunomia
1,3,1980,6,1241,Eunomia
1,3,1980,7,1244,Eunomia
1,3,1980,8,1248,Eunomia
1,3,1980,9,1251,Eunomia
1,3,1980,10,1252,Eunomia
1,3,1980,11,1253,Eunomia
1,3,1980,12,1256,Eunomia
1,3,1981,1,1256,Eunomia
1,3,1981,2,1256,Eunomia
1,3,1981,3,1257,Eunomia
1,3,1981,4,1257,Eunomia
1,3,1981,5,1257,Eunomia
1,3,1981,6,1257,Eunomia
1,3,1981,7,1259,Eunomia
1,3,1981,8,1259,Eunomia
1,3,1981,9,1260,Eunomia
1,3,1981,10,1260,Eunomia
1,3,1981,11,1261,Eunomia
1,3,1981,12,1264,Eunomia
1,3,1982,1,1265,Eunomia
1,3,1982,2,1264,Eunomia
1,3,1982,3,1264,Eunomia
1,3,1982,4,1265,Eunomia
1,3,1982,5,1266,Eunomia
1,3,1982,6,1267,Eunomia
1,3,1982,7,1267,Eunomia
1,3,1982,8,1267,Eunomia
1,3,1982,9,1269,Eunomia
1,3,1982,10,1269,Eunomia
1,3,1982,11,1269,Eunomia
1,3,1982,12,1269,Eunomia
1,3,1983,1,1270,Eunomia
1,3,1983,2,1270,Eunomia
1,3,1983,3,1270,Eunomia
1,3,1983,4,1270,Eunomia
1,3,1983,5,1270,Eunomia
1,3,1983,6,1271,Eunomia
1,3,1983,7,1271,Eunomia
1,3,1983,8,1271,Eunomia
1,3,1983,9,1271,Eunomia
1,3,1983,10,1273,Eunomia
1,3,1983,11,1274,Eunomia
1,3,1983,12,1275,Eunomia
1,3,1984,1,1275,Eunomia
1,3,1984,2,1275,Eunomia
1,3,1984,3,1275,Eunomia
1,3,1984,4,1275,Eunomia
1,3,1984,5,1277,Eunomia
1,3,1984,6,1277,Eunomia
1,3,1984,7,1277,Eunomia
1,3,1984,8,1278,Eunomia
1,3,1984,9,1278,Eunomia
1,3,1984,10,1278,Eunomia
1,3,1984,11,1278,Eunomia
1,3,1984,12,1278,Eunomia
1,3,1985,1,1278,Eunomia
1,3,1985,2,1279,Eunomia
1,3,1985,3,1279,Eunomia
1,3,1985,4,1279,Eunomia
1,3,1985,5,1279,Eunomia
1,3,1985,6,1279,Eunomia
1,3,1985,7,1279,Eunomia
1,3,1985,8,1279,Eunomia
1,3,1985,9,1280,Eunomia
1,3,1985,10,1280,Eunomia
1,3,1985,11,1281,Eunomia
1,3,1985,12,1281,Eunomia
1,3,1986,1,1281,Eunomia
1,3,1986,2,1281,Eunomia
1,3,1986,3,1281,Eunomia
1,3,1986,4,1281,Eunomia
1,3,1986,5,1281,Eunomia
1,3,1986,6,1281,Eunomia
1,3,1986,7,1281,Eunomia
1,3,1986,8,1281,Eunomia
1,3,1986,9,1281,Eunomia
1,3,1986,10,1281,Eunomia
1,3,1986,11,1281,Eunomia
1,3,1986,12,1281,Eunomia
1,3,1987,1,1281,Eunomia
1,3,1987,2,1281,Eunomia
1,3,1987,3,1281,Eunomia
1,3,1987,4,1281,Eunomia
1,3,1987,5,1281,Eunomia
1,3,1987,6,1281,Eunomia
1,3,1987,7,1281,Eunomia
1,3,1987,8,1281,Eunomia
1,3,1987,9,1281,Eunomia
1,3,1987,10,1281,Eunomia
1,3,1987,11,1281,Eunomia
1,3,1987,12,1281,Eunomia
1,3,1988,1,1281,Eunomia
1,3,1988,2,1281,Eunomia
1,3,1988,3,1280,Eunomia
1,3,1988,4,1280,Eunomia
1,3,1988,5,1280,Eunomia
1,3,1988,6,1280,Eunomia
1,3,1988,7,1280,Eunomia
1,3,1988,8,1280,Eunomia
1,3,1988,9,1280,Eunomia
1,3,1988,10,1280,Eunomia
1,3,1988,11,1280,Eunomia
1,3,1988,12,1280,Eunomia
1,3,1989,1,1280,Eunomia
1,3,1989,2,1280,Eunomia
1,3,1989,3,1280,Eunomia
1,3,1989,4,1280,Eunomia
1,3,1989,5,1280,Eunomia
1,3,1989,6,1280,Eunomia
1,3,1989,7,1280,Eunomia
1,3,1989,8,1280,Eunomia
1,3,1989,9,1280,Eunomia
1,3,1989,10,1280,Eunomia
1,3,1989,11,1280,Eunomia
1,3,1989,12,1280,Eunomia
1,3,1990,1,1280,Eunomia
1,3,1990,2,1280,Eunomia
1,3,1990,3,1280,Eunomia
1,3,1990,4,1280,Eunomia
1,3,1990,5,1280,Eunomia
1,3,1990,6,1280,Eunomia
1,3,1990,7,1279,Eunomia
1,3,1990,8,1279,Eunomia
1,3,1990,9,1278,Eunomia
1,3,1990,10,1278,Eunomia
1,3,1990,11,1278,Eunomia
1,3,1990,12,1278,Eunomia
1,3,1991,1,1278,Eunomia
1,3,1991,2,1278,Eunomia
1,3,1991,3,1278,Eunomia
1,3,1991,4,1278,Eunomia
1,3,1991,5,1278,Eunomia
1,3,1991,6,1278,Eunomia
1,3,1991,7,1278,Eunomia
1,3,1991,8,1278,Eunomia
1,3,1991,9,1278,Eunomia
1,3,1991,10,1278,Eunomia
1,3,1991,11,1277,Eunomia
1,3,1991,12,1277,Eunomia
1,3,1992,1,1277,Eunomia
1,3,1992,2,1277,Eunomia
1,3,1992,3,1277,Eunomia
1,3,1992,4,1277,Eunomia
1,3,1992,5,1277,Eunomia
1,3,1992,6,1277,Eunomia
1,3,1992,7,1277,Eunomia
1,3,1992,8,1277,Eunomia
1,3,1992,9,1277,Eunomia
1,3,1992,10,1277,Eunomia
1,3,1992,11,1277,Eunomia
1,3,1992,12,1277,Eunomia
1,3,1993,1,1277,Eunomia
1,3,1993,2,1277,Eunomia
1,3,1993,3,1277,Eunomia
1,3,1993,4,1277,Eunomia
1,3,1993,5,1277,Eunomia
1,3,1993,6,1276,Eunomia
1,3,1993,7,1276,Eunomia
1,3,1993,8,1275,Eunomia
1,3,1993,9,1275,Eunomia
1,3,1993,10,1275,Eunomia
1,3,1993,11,1275,Eunomia
1,3,1993,12,1275,Eunomia
1,3,1994,1,1275,Eunomia
1,3,1994,2,1274,Eunomia
1,3,1994,3,1274,Eunomia
1,3,1994,4,1274,Eunomia
1,3,1994,5,1273,Eunomia
1,3,1994,6,1273,Eunomia
1,3,1994,7,1272,Eunomia
1,3,1994,8,1272,Eunomia
1,3,1994,9,1271,Eunomia
1,3,1994,10,1271,Eunomia
1,3,1994,11,1271,Eunomia
1,3,1994,12,1271,Eunomia
1,3,1995,1,1271,Eunomia
1,3,1995,2,1271,Eunomia
1,3,1995,3,1271,Eunomia
1,3,1995,4,1270,Eunomia
1,3,1995,5,1270,Eunomia
1,3,1995,6,1270,Eunomia
1,3,1995,7,1270,Eunomia
1,3,1995,8,1270,Eunomia
1,3,1995,9,1270,Eunomia
1,3,1995,10,1270,Eunomia
1,3,1995,11,1270,Eunomia
1,3,1995,12,1270,Eunomia
1,3,1996,1,1270,Eunomia
1,3,1996,2,1270,Eunomia
1,3,1996,3,1270,Eunomia
1,3,1996,4,1270,Eunomia
1,3,1996,5,1269,Eunomia
1,3,1996,6,1269,Eunomia
1,3,1996,7,1269,Eunomia
1,3,1996,8,1269,Eunomia
1,3,1996,9,1267,Eunomia
1,3,1996,10,1265,Eunomia
1,3,1996,11,1265,Eunomia
1,3,1996,12,1265,Eunomia
1,3,1997,1,1263,Eunomia
1,3,1997,2,1263,Eunomia
1,3,1997,3,1263,Eunomia
1,3,1997,4,1263,Eunomia
1,3,1997,5,1263,Eunomia
1,3,1997,6,1262,Eunomia
1,3,1997,7,1262,Eunomia
1,3,1997,8,1262,Eunomia
1,3,1997,9,1262,Eunomia
1,3,1997,10,1262,Eunomia
1,3,1997,11,1261,Eunomia
1,3,1997,12,1260,Eunomia
1,3,1998,1,1260,Eunomia
1,3,1998,2,1260,Eunomia
1,3,1998,3,1260,Eunomia
1,3,1998,4,1260,Eunomia
1,3,1998,5,1260,Eunomia
1,3,1998,6,1259,Eunomia
1,3,1998,7,1259,Eunomia
1,3,1998,8,1259,Eunomia
1,3,1998,9,1259,Eunomia
1,3,1998,10,1259,Eunomia
1,3,1998,11,1259,Eunomia
1,3,1998,12,1259,Eunomia
1,3,1999,1,1259,Eunomia
1,3,1999,2,1259,Eunomia
1,3,1999,3,1259,Eunomia
1,3,1999,4,1259,Eunomia
1,3,1999,5,1259,Eunomia
1,3,1999,6,1259,Eunomia
1,3,1999,7,1258,Eunomia
1,3,1999,8,1258,Eunomia
1,3,1999,9,1258,Eunomia
1,3,1999,10,1258,Eunomia
1,3,1999,11,1257,Eunomia
1,3,1999,12,1257,Eunomia
1,3,2000,1,1257,Eunomia
1,3,2000,2,1257,Eunomia
1,3,2000,3,1257,Eunomia
1,3,2000,4,1256,Eunomia
1,3,2000,5,1256,Eunomia
1,3,2000,6,1256,Eunomia
1,3,2000,7,1256,Eunomia
1,3,2000,8,1256,Eunomia
1,3,2000,9,1256,Eunomia
1,3,2000,10,1256,Eunomia
1,3,2000,11,1256,Eunomia
1,3,2000,12,1256,Eunomia
1,3,2001,1,1256,Eunomia
1,3,2001,2,1256,Eunomia
1,3,2001,3,1256,Eunomia
1,3,2001,4,1256,Eunomia
1,3,2001,5,1256,Eunomia
1,3,2001,6,1256,Eunomia
1,3,2001,7,1255,Eunomia
1,3,2001,8,1254,Eunomia
1,3,2001,9,1254,Eunomia
1,3,2001,10,1254,Eunomia
1,3,2001,11,1253,Eunomia
1,3,2001,12,1252,Eunomia
1,3,2002,1,1251,Eunomia
1,3,2002,2,1251,Eunomia
1,3,2002,3,1251,Eunomia
1,3,2002,4,1251,Eunomia
1,3,2002,5,1251,Eunomia
1,3,2002,6,1250,Eunomia
1,3,2002,7,1250,Eunomia
1,3,2002,8,1250,Eunomia
1,3,2002,9,1250,Eunomia
1,3,2002,10,1249,Eunomia
1,3,2002,11,1249,Eunomia
1,3,2002,12,1248,Eunomia
1,3,2003,1,1248,Eunomia
1,3,2003,2,1247,Eunomia
1,3,2003,3,1247,Eunomia
1,3,2003,4,1247,Eunomia
1,3,2003,5,1247,Eunomia
1,3,2003,6,1247,Eunomia
1,3,2003,7,1247,Eunomia
1,3,2003,8,1247,Eunomia
1,3,2003,9,1247,Eunomia
1,3,2003,10,1247,Eunomia
1,3,2003,11,1247,Eunomia
1,3,2003,12,1247,Eunomia
1,3,2004,1,1247,Eunomia
1,3,2004,2,1247,Eunomia
1,3,2004,3,1247,Eunomia
1,3,2004,4,1247,Eunomia
1,3,2004,5,1247,Eunomia
1,3,2004,6,1247,Eunomia
1,3,2004,7,1247,Eunomia
1,3,2004,8,1247,Eunomia
1,3,2004,9,1247,Eunomia
1,3,2004,10,1247,Eunomia
1,3,2004,11,1247,Eunomia
1,3,2004,12,1247,Eunomia
1,3,2005,1,1247,Eunomia
1,3,2005,2,1245,Eunomia
1,3,2005,3,1245,Eunomia
1,3,2005,4,1245,Eunomia
1,3,2005,5,1245,Eunomia
1,3,2005,6,1245,Eunomia
1,3,2005,7,1245,Eunomia
1,3,2005,8,1243,Eunomia
1,3,2005,9,1242,Eunomia
1,3,2005,10,1241,Eunomia
1,3,2005,11,1241,Eunomia
1,3,2005,12,1241,Eunomia
1,3,2006,1,1241,Eunomia
1,3,2006,2,1241,Eunomia
1,3,2006,3,1241,Eunomia
1,3,2006,4,1240,Eunomia
1,3,2006,5,1239,Eunomia
1,3,2006,6,1239,Eunomia
1,3,2006,7,1237,Eunomia
1,3,2006,8,1236,Eunomia
1,3,2006,9,1235,Eunomia
1,3,2006,10,1234,Eunomia
1,3,2006,11,1233,Eunomia
1,3,2006,12,1232,Eunomia
1,3,2007,1,1232,Eunomia
1,3,2007,2,1231,Eunomia
1,3,2007,3,1231,Eunomia
1,3,2007,4,1231,Eunomia
1,3,2007,5,1230,Eunomia
1,3,2007,6,1230,Eunomia
1,3,2007,7,1230,Eunomia
1,3,2007,8,1230,Eunomia
1,3,2007,9,1230,Eunomia
1,3,2007,10,1230,Eunomia
1,3,2007,11,1230,Eunomia
1,3,2007,12,1230,Eunomia
1,3,2008,1,1230,Eunomia
1,3,2008,2,1230,Eunomia
1,3,2008,3,1230,Eunomia
1,3,2008,4,1230,Eunomia
1,3,2008,5,1230,Eunomia
1,3,2008,6,1230,Eunomia
1,3,2008,7,1230,Eunomia
1,3,2008,8,1230,Eunomia
1,3,2008,9,1230,Eunomia
1,3,2008,10,1230,Eunomia
1,3,2008,11,1230,Eunomia
1,3,2008,12,1230,Eunomia
1,3,2009,1,1230,Eunomia
1,3,2009,2,1229,Eunomia
1,3,2009,3,1229,Eunomia
1,3,2009,4,1228,Eunomia
1,3,2009,5,1228,Eunomia
1,3,2009,6,1228,Eunomia
1,3,2009,7,1228,Eunomia
1,3,2009,8,1228,Eunomia
1,3,2009,9,1228,Eunomia
1,3,2009,10,1228,Eunomia
1,3,2009,11,1228,Eunomia
1,3,2009,12,1227,Eunomia
1,3,2010,1,1226,Eunomia
1,3,2010,2,1226,Eunomia
1,3,2010,3,1225,Eunomia
1,3,2010,4,1225,Eunomia
1,3,2010,5,1225,Eunomia
1,3,2010,6,1225,Eunomia
1,3,2010,7,1225,Eunomia
1,3,2010,8,1225,Eunomia
1,3,2010,9,1224,Eunomia
1,3,2010,10,1224,Eunomia
1,3,2010,11,1223,Eunomia
1,3,2010,12,1223,Eunomia
1,3,2011,1,1222,Eunomia
1,3,2011,2,1221,Eunomia
1,3,2011,3,1220,Eunomia
1,3,2011,4,1220,Eunomia
1,3,2011,5,1219,Eunomia
1,3,2011,6,1218,Eunomia
1,3,2011,7,1218,Eunomia
1,3,2011,8,1218,Eunomia
1,3,2011,9,1218,Eunomia
1,3,2011,10,1217,Eunomia
1,3,2011,11,1216,Eunomia
1,3,2011,12,1216,Eunomia
1,3,2012,1,1215,Eunomia
1,3,2012,2,1215,Eunomia
1,3,2012,3,1215,Eunomia
1,3,2012,4,1215,Eunomia
1,3,2012,5,1214,Eunomia
1,3,2012,6,1213,Eunomia
1,3,2012,7,1212,Eunomia
1,3,2012,8,1212,Eunomia
1,3,2012,9,1212,Eunomia
1,3,2012,10,1212,Eunomia
1,3,2012,11,1211,Eunomia
1,3,2012,12,1210,Eunomia
1,3,2013,1,1209,Eunomia
1,3,2013,2,1209,Eunomia
1,3,2013,3,1209,Eunomia
1,3,2013,4,1209,Eunomia
1,3,2013,5,1208,Eunomia
1,3,2013,6,1207,Eunomia
1,3,2013,7,1207,Eunomia
1,3,2013,8,1207,Eunomia
1,3,2013,9,1207,Eunomia
1,3,2013,10,1207,Eunomia
1,3,2013,11,1207,Eunomia
1,3,2013,12,1206,Eunomia
1,3,2014,1,1206,Eunomia
1,3,2014,2,1205,Eunomia
1,3,2014,3,1203,Eunomia
1,3,2014,4,1202,Eunomia
1,3,2014,5,1202,Eunomia
1,3,2014,6,1202,Eunomia
1,3,2014,7,1202,Eunomia
1,3,2014,8,1202,Eunomia
1,3,2014,9,1200,Eunomia
1,3,2014,10,1200,Eunomia
1,3,2014,11,1199,Eunomia
1,3,2014,12,1198,Eunomia
1,3,2015,1,1198,Eunomia
1,3,2015,2,1198,Eunomia
1,3,2015,3,1196,Eunomia
1,3,2015,4,1196,Eunomia
1,3,2015,5,1196,Eunomia
1,3,2015,6,1196,Eunomia
1,3,2015,7,1196,Eunomia
1,3,2015,8,1196,Eunomia
1,3,2015,9,1195,Eunomia
1,3,2015,10,1195,Eunomia
1,3,2015,11,1195,Eunomia
1,3,2015,12,1194,Eunomia
1,3,2016,1,1194,Eunomia
1,3,2016,2,1194,Eunomia
1,3,2016,3,1193,Eunomia
1,3,2016,4,1192,Eunomia
1,3,2016,5,1192,Eunomia
1,3,2016,6,1192,Eunomia
1,3,2016,7,1191,Eunomia
1,3,2016,8,1187,Eunomia
1,3,2016,9,1187,Eunomia
1,3,2016,10,1187,Eunomia
1,3,2016,11,1187,Eunomia
1,3,2016,12,1186,Eunomia
1,3,2017,1,1184,Eunomia
1,3,2017,2,1183,Eunomia
1,3,2017,3,1182,Eunomia
1,3,2017,4,1180,Eunomia
1,3,2017,5,1177,Eunomia
1,3,2017,6,1163,Eunomia
1,3,2017,7,1155,Eunomia
1,3,2017,8,1149,Eunomia
1,3,2017,9,1141,Eunomia
1,3,2017,10,1132,Eunomia
1,3,2017,11,1123,Eunomia
1,3,2017,12,1113,Eunomia
1,3,2018,1,1108,Eunomia
1,3,2018,2,1095,Eunomia
1,3,2018,3,1078,Eunomia
1,3,2018,4,1068,Eunomia
1,3,2018,5,1038,Eunomia
1,3,2018,6,972,Eunomia
1,3,2018,7,911,Eunomia
1,3,2018,8,830,Eunomia
1,3,2018,9,751,Eunomia
1,3,2018,10,674,Eunomia
1,3,2018,11,587,Eunomia
1,3,2018,12,507,Eunomia
1,3,2019,1,420,Eunomia
1,3,2019,2,332,Eunomia
1,3,2019,3,237,Eunomia
1,3,2019,4,113,Eunomia
1,3,2019,5,-5,Eunomia
