analysis_id,exposures_outcome_set_id,age_month,cover_before_after_subjects,database_id
1,1,7,174,Eunomia
1,1,8,204,Eunomia
1,1,9,204,Eunomia
1,1,10,204,Eunomia
1,1,11,205,Eunomia
1,1,12,205,Eunomia
1,1,13,205,Eunomia
1,1,14,205,Eunomia
1,1,15,206,Eunomia
1,1,16,206,Eunomia
1,1,17,206,Eunomia
1,1,18,206,Eunomia
1,1,19,206,Eunomia
1,1,20,206,Eunomia
1,1,21,206,Eunomia
1,1,22,206,Eunomia
1,1,23,206,Eunomia
1,1,24,206,Eunomia
1,1,25,206,Eunomia
1,1,26,206,Eunomia
1,1,27,206,Eunomia
1,1,28,206,Eunomia
1,1,29,206,Eunomia
1,1,30,206,Eunomia
1,1,31,206,Eunomia
1,1,32,206,Eunomia
1,1,33,206,Eunomia
1,1,34,206,Eunomia
1,1,35,207,Eunomia
1,1,36,208,Eunomia
1,1,37,208,Eunomia
1,1,38,208,Eunomia
1,1,39,208,Eunomia
1,1,40,209,Eunomia
1,1,41,209,Eunomia
1,1,42,211,Eunomia
1,1,43,211,Eunomia
1,1,44,211,Eunomia
1,1,45,211,Eunomia
1,1,46,211,Eunomia
1,1,47,211,Eunomia
1,1,48,211,Eunomia
1,1,49,211,Eunomia
1,1,50,211,Eunomia
1,1,51,212,Eunomia
1,1,52,212,Eunomia
1,1,53,212,Eunomia
1,1,54,212,Eunomia
1,1,55,212,Eunomia
1,1,56,213,Eunomia
1,1,57,213,Eunomia
1,1,58,213,Eunomia
1,1,59,213,Eunomia
1,1,60,213,Eunomia
1,1,61,214,Eunomia
1,1,62,215,Eunomia
1,1,63,215,Eunomia
1,1,64,216,Eunomia
1,1,65,217,Eunomia
1,1,66,218,Eunomia
1,1,67,218,Eunomia
1,1,68,218,Eunomia
1,1,69,218,Eunomia
1,1,70,218,Eunomia
1,1,71,218,Eunomia
1,1,72,218,Eunomia
1,1,73,218,Eunomia
1,1,74,219,Eunomia
1,1,75,219,Eunomia
1,1,76,219,Eunomia
1,1,77,220,Eunomia
1,1,78,220,Eunomia
1,1,79,220,Eunomia
1,1,80,220,Eunomia
1,1,81,220,Eunomia
1,1,82,220,Eunomia
1,1,83,220,Eunomia
1,1,84,220,Eunomia
1,1,85,220,Eunomia
1,1,86,220,Eunomia
1,1,87,220,Eunomia
1,1,88,220,Eunomia
1,1,89,220,Eunomia
1,1,90,220,Eunomia
1,1,91,220,Eunomia
1,1,92,220,Eunomia
1,1,93,220,Eunomia
1,1,94,220,Eunomia
1,1,95,220,Eunomia
1,1,96,220,Eunomia
1,1,97,220,Eunomia
1,1,98,220,Eunomia
1,1,99,220,Eunomia
1,1,100,220,Eunomia
1,1,101,220,Eunomia
1,1,102,220,Eunomia
1,1,103,220,Eunomia
1,1,104,220,Eunomia
1,1,105,221,Eunomia
1,1,106,221,Eunomia
1,1,107,221,Eunomia
1,1,108,221,Eunomia
1,1,109,222,Eunomia
1,1,110,222,Eunomia
1,1,111,222,Eunomia
1,1,112,222,Eunomia
1,1,113,222,Eunomia
1,1,114,222,Eunomia
1,1,115,222,Eunomia
1,1,116,222,Eunomia
1,1,117,222,Eunomia
1,1,118,222,Eunomia
1,1,119,222,Eunomia
1,1,120,222,Eunomia
1,1,121,222,Eunomia
1,1,122,222,Eunomia
1,1,123,222,Eunomia
1,1,124,222,Eunomia
1,1,125,222,Eunomia
1,1,126,222,Eunomia
1,1,127,222,Eunomia
1,1,128,222,Eunomia
1,1,129,222,Eunomia
1,1,130,222,Eunomia
1,1,131,222,Eunomia
1,1,132,222,Eunomia
1,1,133,222,Eunomia
1,1,134,222,Eunomia
1,1,135,222,Eunomia
1,1,136,222,Eunomia
1,1,137,222,Eunomia
1,1,138,222,Eunomia
1,1,139,222,Eunomia
1,1,140,224,Eunomia
1,1,141,224,Eunomia
1,1,142,225,Eunomia
1,1,143,225,Eunomia
1,1,144,225,Eunomia
1,1,145,225,Eunomia
1,1,146,225,Eunomia
1,1,147,225,Eunomia
1,1,148,225,Eunomia
1,1,149,225,Eunomia
1,1,150,225,Eunomia
1,1,151,225,Eunomia
1,1,152,225,Eunomia
1,1,153,225,Eunomia
1,1,154,225,Eunomia
1,1,155,225,Eunomia
1,1,156,225,Eunomia
1,1,157,225,Eunomia
1,1,158,225,Eunomia
1,1,159,225,Eunomia
1,1,160,225,Eunomia
1,1,161,225,Eunomia
1,1,162,225,Eunomia
1,1,163,225,Eunomia
1,1,164,225,Eunomia
1,1,165,225,Eunomia
1,1,166,225,Eunomia
1,1,167,225,Eunomia
1,1,168,225,Eunomia
1,1,169,225,Eunomia
1,1,170,225,Eunomia
1,1,171,225,Eunomia
1,1,172,225,Eunomia
1,1,173,225,Eunomia
1,1,174,225,Eunomia
1,1,175,225,Eunomia
1,1,176,225,Eunomia
1,1,177,225,Eunomia
1,1,178,225,Eunomia
1,1,179,225,Eunomia
1,1,180,225,Eunomia
1,1,181,225,Eunomia
1,1,182,225,Eunomia
1,1,183,225,Eunomia
1,1,184,225,Eunomia
1,1,185,225,Eunomia
1,1,186,225,Eunomia
1,1,187,225,Eunomia
1,1,188,225,Eunomia
1,1,189,225,Eunomia
1,1,190,225,Eunomia
1,1,191,225,Eunomia
1,1,192,225,Eunomia
1,1,193,225,Eunomia
1,1,194,226,Eunomia
1,1,195,226,Eunomia
1,1,196,226,Eunomia
1,1,197,226,Eunomia
1,1,198,226,Eunomia
1,1,199,226,Eunomia
1,1,200,226,Eunomia
1,1,201,226,Eunomia
1,1,202,226,Eunomia
1,1,203,226,Eunomia
1,1,204,226,Eunomia
1,1,205,226,Eunomia
1,1,206,226,Eunomia
1,1,207,226,Eunomia
1,1,208,226,Eunomia
1,1,209,226,Eunomia
1,1,210,226,Eunomia
1,1,211,226,Eunomia
1,1,212,226,Eunomia
1,1,213,226,Eunomia
1,1,214,226,Eunomia
1,1,215,226,Eunomia
1,1,216,226,Eunomia
1,1,217,226,Eunomia
1,1,218,226,Eunomia
1,1,219,226,Eunomia
1,1,220,226,Eunomia
1,1,221,226,Eunomia
1,1,222,226,Eunomia
1,1,223,226,Eunomia
1,1,224,226,Eunomia
1,1,225,226,Eunomia
1,1,226,226,Eunomia
1,1,227,226,Eunomia
1,1,228,226,Eunomia
1,1,229,226,Eunomia
1,1,230,226,Eunomia
1,1,231,226,Eunomia
1,1,232,226,Eunomia
1,1,233,226,Eunomia
1,1,234,226,Eunomia
1,1,235,226,Eunomia
1,1,236,226,Eunomia
1,1,237,226,Eunomia
1,1,238,226,Eunomia
1,1,239,229,Eunomia
1,1,240,229,Eunomia
1,1,241,229,Eunomia
1,1,242,229,Eunomia
1,1,243,229,Eunomia
1,1,244,229,Eunomia
1,1,245,229,Eunomia
1,1,246,229,Eunomia
1,1,247,229,Eunomia
1,1,248,229,Eunomia
1,1,249,229,Eunomia
1,1,250,229,Eunomia
1,1,251,229,Eunomia
1,1,252,229,Eunomia
1,1,253,229,Eunomia
1,1,254,229,Eunomia
1,1,255,229,Eunomia
1,1,256,229,Eunomia
1,1,257,229,Eunomia
1,1,258,229,Eunomia
1,1,259,229,Eunomia
1,1,260,229,Eunomia
1,1,261,229,Eunomia
1,1,262,229,Eunomia
1,1,263,229,Eunomia
1,1,264,229,Eunomia
1,1,265,229,Eunomia
1,1,266,229,Eunomia
1,1,267,229,Eunomia
1,1,268,229,Eunomia
1,1,269,229,Eunomia
1,1,270,229,Eunomia
1,1,271,229,Eunomia
1,1,272,229,Eunomia
1,1,273,229,Eunomia
1,1,274,229,Eunomia
1,1,275,229,Eunomia
1,1,276,229,Eunomia
1,1,277,229,Eunomia
1,1,278,229,Eunomia
1,1,279,229,Eunomia
1,1,280,229,Eunomia
1,1,281,229,Eunomia
1,1,282,229,Eunomia
1,1,283,229,Eunomia
1,1,284,229,Eunomia
1,1,285,229,Eunomia
1,1,286,231,Eunomia
1,1,287,231,Eunomia
1,1,288,231,Eunomia
1,1,289,231,Eunomia
1,1,290,231,Eunomia
1,1,291,231,Eunomia
1,1,292,231,Eunomia
1,1,293,231,Eunomia
1,1,294,231,Eunomia
1,1,295,231,Eunomia
1,1,296,231,Eunomia
1,1,297,231,Eunomia
1,1,298,231,Eunomia
1,1,299,231,Eunomia
1,1,300,231,Eunomia
1,1,301,231,Eunomia
1,1,302,231,Eunomia
1,1,303,231,Eunomia
1,1,304,231,Eunomia
1,1,305,231,Eunomia
1,1,306,231,Eunomia
1,1,307,232,Eunomia
1,1,308,232,Eunomia
1,1,309,232,Eunomia
1,1,310,232,Eunomia
1,1,311,232,Eunomia
1,1,312,232,Eunomia
1,1,313,233,Eunomia
1,1,314,233,Eunomia
1,1,315,233,Eunomia
1,1,316,233,Eunomia
1,1,317,233,Eunomia
1,1,318,233,Eunomia
1,1,319,233,Eunomia
1,1,320,233,Eunomia
1,1,321,233,Eunomia
1,1,322,233,Eunomia
1,1,323,233,Eunomia
1,1,324,233,Eunomia
1,1,325,233,Eunomia
1,1,326,233,Eunomia
1,1,327,233,Eunomia
1,1,328,233,Eunomia
1,1,329,235,Eunomia
1,1,330,235,Eunomia
1,1,331,235,Eunomia
1,1,332,235,Eunomia
1,1,333,235,Eunomia
1,1,334,235,Eunomia
1,1,335,235,Eunomia
1,1,336,235,Eunomia
1,1,337,235,Eunomia
1,1,338,235,Eunomia
1,1,339,235,Eunomia
1,1,340,235,Eunomia
1,1,341,235,Eunomia
1,1,342,235,Eunomia
1,1,343,235,Eunomia
1,1,344,235,Eunomia
1,1,345,235,Eunomia
1,1,346,235,Eunomia
1,1,347,235,Eunomia
1,1,348,235,Eunomia
1,1,349,235,Eunomia
1,1,350,235,Eunomia
1,1,351,235,Eunomia
1,1,352,235,Eunomia
1,1,353,235,Eunomia
1,1,354,235,Eunomia
1,1,355,235,Eunomia
1,1,356,235,Eunomia
1,1,357,235,Eunomia
1,1,358,235,Eunomia
1,1,359,235,Eunomia
1,1,360,235,Eunomia
1,1,361,235,Eunomia
1,1,362,235,Eunomia
1,1,363,235,Eunomia
1,1,364,236,Eunomia
1,1,365,236,Eunomia
1,1,366,236,Eunomia
1,1,367,236,Eunomia
1,1,368,236,Eunomia
1,1,369,236,Eunomia
1,1,370,236,Eunomia
1,1,371,236,Eunomia
1,1,372,236,Eunomia
1,1,373,236,Eunomia
1,1,374,236,Eunomia
1,1,375,236,Eunomia
1,1,376,236,Eunomia
1,1,377,236,Eunomia
1,1,378,236,Eunomia
1,1,379,236,Eunomia
1,1,380,236,Eunomia
1,1,381,236,Eunomia
1,1,382,236,Eunomia
1,1,383,236,Eunomia
1,1,384,237,Eunomia
1,1,385,237,Eunomia
1,1,386,237,Eunomia
1,1,387,237,Eunomia
1,1,388,237,Eunomia
1,1,389,237,Eunomia
1,1,390,237,Eunomia
1,1,391,237,Eunomia
1,1,392,237,Eunomia
1,1,393,237,Eunomia
1,1,394,237,Eunomia
1,1,395,237,Eunomia
1,1,396,237,Eunomia
1,1,397,237,Eunomia
1,1,398,237,Eunomia
1,1,399,237,Eunomia
1,1,400,237,Eunomia
1,1,401,237,Eunomia
1,1,402,237,Eunomia
1,1,403,237,Eunomia
1,1,404,237,Eunomia
1,1,405,237,Eunomia
1,1,406,237,Eunomia
1,1,407,237,Eunomia
1,1,408,237,Eunomia
1,1,409,237,Eunomia
1,1,410,237,Eunomia
1,1,411,236,Eunomia
1,1,412,236,Eunomia
1,1,413,236,Eunomia
1,1,414,236,Eunomia
1,1,415,236,Eunomia
1,1,416,236,Eunomia
1,1,417,235,Eunomia
1,1,418,234,Eunomia
1,1,419,234,Eunomia
1,1,420,233,Eunomia
1,1,421,233,Eunomia
1,1,422,233,Eunomia
1,1,423,233,Eunomia
1,1,424,233,Eunomia
1,1,425,233,Eunomia
1,1,426,233,Eunomia
1,1,427,233,Eunomia
1,1,428,233,Eunomia
1,1,429,233,Eunomia
1,1,430,233,Eunomia
1,1,431,233,Eunomia
1,1,432,233,Eunomia
1,1,433,233,Eunomia
1,1,434,233,Eunomia
1,1,435,233,Eunomia
1,1,436,233,Eunomia
1,1,437,233,Eunomia
1,1,438,233,Eunomia
1,1,439,233,Eunomia
1,1,440,233,Eunomia
1,1,441,233,Eunomia
1,1,442,233,Eunomia
1,1,443,233,Eunomia
1,1,444,233,Eunomia
1,1,445,232,Eunomia
1,1,446,232,Eunomia
1,1,447,231,Eunomia
1,1,448,231,Eunomia
1,1,449,231,Eunomia
1,1,450,230,Eunomia
1,1,451,230,Eunomia
1,1,452,230,Eunomia
1,1,453,229,Eunomia
1,1,454,229,Eunomia
1,1,455,229,Eunomia
1,1,456,229,Eunomia
1,1,457,229,Eunomia
1,1,458,228,Eunomia
1,1,459,228,Eunomia
1,1,460,228,Eunomia
1,1,461,228,Eunomia
1,1,462,228,Eunomia
1,1,463,227,Eunomia
1,1,464,227,Eunomia
1,1,465,227,Eunomia
1,1,466,226,Eunomia
1,1,467,226,Eunomia
1,1,468,226,Eunomia
1,1,469,226,Eunomia
1,1,470,226,Eunomia
1,1,471,226,Eunomia
1,1,472,226,Eunomia
1,1,473,225,Eunomia
1,1,474,225,Eunomia
1,1,475,225,Eunomia
1,1,476,225,Eunomia
1,1,477,225,Eunomia
1,1,478,225,Eunomia
1,1,479,222,Eunomia
1,1,480,220,Eunomia
1,1,481,220,Eunomia
1,1,482,220,Eunomia
1,1,483,220,Eunomia
1,1,484,220,Eunomia
1,1,485,220,Eunomia
1,1,486,220,Eunomia
1,1,487,220,Eunomia
1,1,488,220,Eunomia
1,1,489,220,Eunomia
1,1,490,220,Eunomia
1,1,491,220,Eunomia
1,1,492,220,Eunomia
1,1,493,220,Eunomia
1,1,494,220,Eunomia
1,1,495,220,Eunomia
1,1,496,220,Eunomia
1,1,497,219,Eunomia
1,1,498,219,Eunomia
1,1,499,219,Eunomia
1,1,500,219,Eunomia
1,1,501,219,Eunomia
1,1,502,219,Eunomia
1,1,503,215,Eunomia
1,1,504,214,Eunomia
1,1,505,214,Eunomia
1,1,506,214,Eunomia
1,1,507,214,Eunomia
1,1,508,214,Eunomia
1,1,509,214,Eunomia
1,1,510,213,Eunomia
1,1,511,212,Eunomia
1,1,512,212,Eunomia
1,1,513,212,Eunomia
1,1,514,212,Eunomia
1,1,515,212,Eunomia
1,1,516,211,Eunomia
1,1,517,210,Eunomia
1,1,518,210,Eunomia
1,1,519,210,Eunomia
1,1,520,209,Eunomia
1,1,521,209,Eunomia
1,1,522,207,Eunomia
1,1,523,207,Eunomia
1,1,524,207,Eunomia
1,1,525,207,Eunomia
1,1,526,206,Eunomia
1,1,527,202,Eunomia
1,1,528,201,Eunomia
1,1,529,201,Eunomia
1,1,530,199,Eunomia
1,1,531,199,Eunomia
1,1,532,198,Eunomia
1,1,533,197,Eunomia
1,1,534,196,Eunomia
1,1,535,196,Eunomia
1,1,536,196,Eunomia
1,1,537,196,Eunomia
1,1,538,195,Eunomia
1,1,539,195,Eunomia
1,1,540,194,Eunomia
1,1,541,194,Eunomia
1,1,542,194,Eunomia
1,1,543,193,Eunomia
1,1,544,192,Eunomia
1,1,545,192,Eunomia
1,1,546,192,Eunomia
1,1,547,191,Eunomia
1,1,548,190,Eunomia
1,1,549,189,Eunomia
1,1,550,189,Eunomia
1,1,551,182,Eunomia
1,1,552,180,Eunomia
1,1,553,179,Eunomia
1,1,554,178,Eunomia
1,1,555,178,Eunomia
1,1,556,178,Eunomia
1,1,557,178,Eunomia
1,1,558,177,Eunomia
1,1,559,176,Eunomia
1,1,560,176,Eunomia
1,1,561,176,Eunomia
1,1,562,176,Eunomia
1,1,563,176,Eunomia
1,1,564,176,Eunomia
1,1,565,176,Eunomia
1,1,566,176,Eunomia
1,1,567,175,Eunomia
1,1,568,174,Eunomia
1,1,569,173,Eunomia
1,1,570,173,Eunomia
1,1,571,171,Eunomia
1,1,572,171,Eunomia
1,1,573,171,Eunomia
1,1,574,171,Eunomia
1,1,575,163,Eunomia
1,1,576,163,Eunomia
1,1,577,163,Eunomia
1,1,578,162,Eunomia
1,1,579,161,Eunomia
1,1,580,161,Eunomia
1,1,581,161,Eunomia
1,1,582,161,Eunomia
1,1,583,161,Eunomia
1,1,584,161,Eunomia
1,1,585,161,Eunomia
1,1,586,161,Eunomia
1,1,587,161,Eunomia
1,1,588,161,Eunomia
1,1,589,161,Eunomia
1,1,590,161,Eunomia
1,1,591,161,Eunomia
1,1,592,161,Eunomia
1,1,593,160,Eunomia
1,1,594,160,Eunomia
1,1,595,160,Eunomia
1,1,596,159,Eunomia
1,1,597,159,Eunomia
1,1,598,159,Eunomia
1,1,599,156,Eunomia
1,1,600,154,Eunomia
1,1,601,154,Eunomia
1,1,602,154,Eunomia
1,1,603,154,Eunomia
1,1,604,154,Eunomia
1,1,605,154,Eunomia
1,1,606,154,Eunomia
1,1,607,154,Eunomia
1,1,608,154,Eunomia
1,1,609,154,Eunomia
1,1,610,154,Eunomia
1,1,611,152,Eunomia
1,1,612,152,Eunomia
1,1,613,151,Eunomia
1,1,614,149,Eunomia
1,1,615,149,Eunomia
1,1,616,149,Eunomia
1,1,617,149,Eunomia
1,1,618,149,Eunomia
1,1,619,149,Eunomia
1,1,620,148,Eunomia
1,1,621,148,Eunomia
1,1,622,147,Eunomia
1,1,623,145,Eunomia
1,1,624,145,Eunomia
1,1,625,145,Eunomia
1,1,626,144,Eunomia
1,1,627,143,Eunomia
1,1,628,143,Eunomia
1,1,629,143,Eunomia
1,1,630,143,Eunomia
1,1,631,143,Eunomia
1,1,632,143,Eunomia
1,1,633,143,Eunomia
1,1,634,143,Eunomia
1,1,635,139,Eunomia
1,1,636,139,Eunomia
1,1,637,139,Eunomia
1,1,638,139,Eunomia
1,1,639,137,Eunomia
1,1,640,136,Eunomia
1,1,641,136,Eunomia
1,1,642,136,Eunomia
1,1,643,136,Eunomia
1,1,644,136,Eunomia
1,1,645,136,Eunomia
1,1,646,136,Eunomia
1,1,647,135,Eunomia
1,1,648,135,Eunomia
1,1,649,134,Eunomia
1,1,650,134,Eunomia
1,1,651,133,Eunomia
1,1,652,132,Eunomia
1,1,653,132,Eunomia
1,1,654,131,Eunomia
1,1,655,131,Eunomia
1,1,656,131,Eunomia
1,1,657,131,Eunomia
1,1,658,131,Eunomia
1,1,659,127,Eunomia
1,1,660,127,Eunomia
1,1,661,124,Eunomia
1,1,662,124,Eunomia
1,1,663,124,Eunomia
1,1,664,124,Eunomia
1,1,665,124,Eunomia
1,1,666,123,Eunomia
1,1,667,123,Eunomia
1,1,668,123,Eunomia
1,1,669,123,Eunomia
1,1,670,123,Eunomia
1,1,671,123,Eunomia
1,1,672,123,Eunomia
1,1,673,122,Eunomia
1,1,674,120,Eunomia
1,1,675,120,Eunomia
1,1,676,120,Eunomia
1,1,677,119,Eunomia
1,1,678,119,Eunomia
1,1,679,119,Eunomia
1,1,680,118,Eunomia
1,1,681,118,Eunomia
1,1,682,117,Eunomia
1,1,683,117,Eunomia
1,1,684,116,Eunomia
1,1,685,116,Eunomia
1,1,686,116,Eunomia
1,1,687,116,Eunomia
1,1,688,115,Eunomia
1,1,689,114,Eunomia
1,1,690,113,Eunomia
1,1,691,113,Eunomia
1,1,692,113,Eunomia
1,1,693,111,Eunomia
1,1,694,111,Eunomia
1,1,695,108,Eunomia
1,1,696,105,Eunomia
1,1,697,105,Eunomia
1,1,698,105,Eunomia
1,1,699,105,Eunomia
1,1,700,105,Eunomia
1,1,701,105,Eunomia
1,1,702,105,Eunomia
1,1,703,104,Eunomia
1,1,704,104,Eunomia
1,1,705,104,Eunomia
1,1,706,103,Eunomia
1,1,707,103,Eunomia
1,1,708,101,Eunomia
1,1,709,99,Eunomia
1,1,710,98,Eunomia
1,1,711,97,Eunomia
1,1,712,97,Eunomia
1,1,713,97,Eunomia
1,1,714,97,Eunomia
1,1,715,97,Eunomia
1,1,716,97,Eunomia
1,1,717,97,Eunomia
1,1,718,97,Eunomia
1,1,719,97,Eunomia
1,1,720,94,Eunomia
1,1,721,92,Eunomia
1,1,722,89,Eunomia
1,1,723,89,Eunomia
1,1,724,89,Eunomia
1,1,725,89,Eunomia
1,1,726,89,Eunomia
1,1,727,89,Eunomia
1,1,728,89,Eunomia
1,1,729,89,Eunomia
1,1,730,89,Eunomia
1,1,731,88,Eunomia
1,1,732,88,Eunomia
1,1,733,88,Eunomia
1,1,734,88,Eunomia
1,1,735,88,Eunomia
1,1,736,88,Eunomia
1,1,737,87,Eunomia
1,1,738,87,Eunomia
1,1,739,87,Eunomia
1,1,740,87,Eunomia
1,1,741,87,Eunomia
1,1,742,86,Eunomia
1,1,743,86,Eunomia
1,1,744,85,Eunomia
1,1,745,83,Eunomia
1,1,746,82,Eunomia
1,1,747,82,Eunomia
1,1,748,81,Eunomia
1,1,749,80,Eunomia
1,1,750,80,Eunomia
1,1,751,80,Eunomia
1,1,752,79,Eunomia
1,1,753,78,Eunomia
1,1,754,77,Eunomia
1,1,755,77,Eunomia
1,1,756,76,Eunomia
1,1,757,75,Eunomia
1,1,758,74,Eunomia
1,1,759,74,Eunomia
1,1,760,74,Eunomia
1,1,761,74,Eunomia
1,1,762,74,Eunomia
1,1,763,74,Eunomia
1,1,764,73,Eunomia
1,1,765,73,Eunomia
1,1,766,73,Eunomia
1,1,767,73,Eunomia
1,1,768,72,Eunomia
1,1,769,69,Eunomia
1,1,770,67,Eunomia
1,1,771,67,Eunomia
1,1,772,66,Eunomia
1,1,773,66,Eunomia
1,1,774,66,Eunomia
1,1,775,66,Eunomia
1,1,776,66,Eunomia
1,1,777,66,Eunomia
1,1,778,65,Eunomia
1,1,779,65,Eunomia
1,1,780,65,Eunomia
1,1,781,64,Eunomia
1,1,782,64,Eunomia
1,1,783,63,Eunomia
1,1,784,63,Eunomia
1,1,785,63,Eunomia
1,1,786,62,Eunomia
1,1,787,62,Eunomia
1,1,788,62,Eunomia
1,1,789,62,Eunomia
1,1,790,62,Eunomia
1,1,791,61,Eunomia
1,1,792,61,Eunomia
1,1,793,61,Eunomia
1,1,794,60,Eunomia
1,1,795,60,Eunomia
1,1,796,60,Eunomia
1,1,797,59,Eunomia
1,1,798,59,Eunomia
1,1,799,59,Eunomia
1,1,800,58,Eunomia
1,1,801,58,Eunomia
1,1,802,58,Eunomia
1,1,803,57,Eunomia
1,1,804,57,Eunomia
1,1,805,57,Eunomia
1,1,806,55,Eunomia
1,1,807,55,Eunomia
1,1,808,55,Eunomia
1,1,809,55,Eunomia
1,1,810,54,Eunomia
1,1,811,54,Eunomia
1,1,812,54,Eunomia
1,1,813,54,Eunomia
1,1,814,54,Eunomia
1,1,815,52,Eunomia
1,1,816,52,Eunomia
1,1,817,50,Eunomia
1,1,818,49,Eunomia
1,1,819,49,Eunomia
1,1,820,48,Eunomia
1,1,821,47,Eunomia
1,1,822,45,Eunomia
1,1,823,45,Eunomia
1,1,824,45,Eunomia
1,1,825,45,Eunomia
1,1,826,45,Eunomia
1,1,827,45,Eunomia
1,1,828,44,Eunomia
1,1,829,44,Eunomia
1,1,830,44,Eunomia
1,1,831,44,Eunomia
1,1,832,44,Eunomia
1,1,833,44,Eunomia
1,1,834,44,Eunomia
1,1,835,44,Eunomia
1,1,836,44,Eunomia
1,1,837,44,Eunomia
1,1,838,44,Eunomia
1,1,839,44,Eunomia
1,1,840,43,Eunomia
1,1,841,42,Eunomia
1,1,842,42,Eunomia
1,1,843,42,Eunomia
1,1,844,42,Eunomia
1,1,845,42,Eunomia
1,1,846,41,Eunomia
1,1,847,41,Eunomia
1,1,848,40,Eunomia
1,1,849,40,Eunomia
1,1,850,40,Eunomia
1,1,851,40,Eunomia
1,1,852,39,Eunomia
1,1,853,39,Eunomia
1,1,854,39,Eunomia
1,1,855,39,Eunomia
1,1,856,39,Eunomia
1,1,857,39,Eunomia
1,1,858,39,Eunomia
1,1,859,39,Eunomia
1,1,860,39,Eunomia
1,1,861,39,Eunomia
1,1,862,39,Eunomia
1,1,863,39,Eunomia
1,1,864,39,Eunomia
1,1,865,39,Eunomia
1,1,866,39,Eunomia
1,1,867,38,Eunomia
1,1,868,38,Eunomia
1,1,869,38,Eunomia
1,1,870,38,Eunomia
1,1,871,38,Eunomia
1,1,872,38,Eunomia
1,1,873,38,Eunomia
1,1,874,37,Eunomia
1,1,875,37,Eunomia
1,1,876,37,Eunomia
1,1,877,37,Eunomia
1,1,878,36,Eunomia
1,1,879,35,Eunomia
1,1,880,35,Eunomia
1,1,881,35,Eunomia
1,1,882,35,Eunomia
1,1,883,35,Eunomia
1,1,884,35,Eunomia
1,1,885,35,Eunomia
1,1,886,34,Eunomia
1,1,887,34,Eunomia
1,1,888,33,Eunomia
1,1,889,33,Eunomia
1,1,890,33,Eunomia
1,1,891,33,Eunomia
1,1,892,32,Eunomia
1,1,893,32,Eunomia
1,1,894,31,Eunomia
1,1,895,31,Eunomia
1,1,896,30,Eunomia
1,1,897,30,Eunomia
1,1,898,30,Eunomia
1,1,899,30,Eunomia
1,1,900,29,Eunomia
1,1,901,29,Eunomia
1,1,902,28,Eunomia
1,1,903,28,Eunomia
1,1,904,28,Eunomia
1,1,905,28,Eunomia
1,1,906,28,Eunomia
1,1,907,28,Eunomia
1,1,908,28,Eunomia
1,1,909,28,Eunomia
1,1,910,28,Eunomia
1,1,911,28,Eunomia
1,1,912,28,Eunomia
1,1,913,28,Eunomia
1,1,914,28,Eunomia
1,1,915,28,Eunomia
1,1,916,28,Eunomia
1,1,917,28,Eunomia
1,1,918,28,Eunomia
1,1,919,28,Eunomia
1,1,920,28,Eunomia
1,1,921,28,Eunomia
1,1,922,27,Eunomia
1,1,923,27,Eunomia
1,1,924,27,Eunomia
1,1,925,27,Eunomia
1,1,926,27,Eunomia
1,1,927,27,Eunomia
1,1,928,25,Eunomia
1,1,929,25,Eunomia
1,1,930,25,Eunomia
1,1,931,24,Eunomia
1,1,932,24,Eunomia
1,1,933,24,Eunomia
1,1,934,24,Eunomia
1,1,935,24,Eunomia
1,1,936,24,Eunomia
1,1,937,24,Eunomia
1,1,938,24,Eunomia
1,1,939,24,Eunomia
1,1,940,24,Eunomia
1,1,941,23,Eunomia
1,1,942,23,Eunomia
1,1,943,23,Eunomia
1,1,944,23,Eunomia
1,1,945,23,Eunomia
1,1,946,23,Eunomia
1,1,947,23,Eunomia
1,1,948,23,Eunomia
1,1,949,23,Eunomia
1,1,950,23,Eunomia
1,1,951,23,Eunomia
1,1,952,23,Eunomia
1,1,953,23,Eunomia
1,1,954,23,Eunomia
1,1,955,23,Eunomia
1,1,956,23,Eunomia
1,1,957,23,Eunomia
1,1,958,23,Eunomia
1,1,959,23,Eunomia
1,1,960,23,Eunomia
1,1,961,22,Eunomia
1,1,962,20,Eunomia
1,1,963,19,Eunomia
1,1,964,19,Eunomia
1,1,965,19,Eunomia
1,1,966,19,Eunomia
1,1,967,19,Eunomia
1,1,968,19,Eunomia
1,1,969,19,Eunomia
1,1,970,19,Eunomia
1,1,971,19,Eunomia
1,1,972,19,Eunomia
1,1,973,19,Eunomia
1,1,974,19,Eunomia
1,1,975,19,Eunomia
1,1,976,19,Eunomia
1,1,977,18,Eunomia
1,1,978,18,Eunomia
1,1,979,16,Eunomia
1,1,980,16,Eunomia
1,1,981,16,Eunomia
1,1,982,16,Eunomia
1,1,983,16,Eunomia
1,1,984,15,Eunomia
1,1,985,15,Eunomia
1,1,986,14,Eunomia
1,1,987,14,Eunomia
1,1,988,13,Eunomia
1,1,989,12,Eunomia
1,1,990,12,Eunomia
1,1,991,12,Eunomia
1,1,992,12,Eunomia
1,1,993,11,Eunomia
1,1,994,11,Eunomia
1,1,995,10,Eunomia
1,1,996,10,Eunomia
1,1,997,10,Eunomia
1,1,998,10,Eunomia
1,1,999,10,Eunomia
1,1,1000,10,Eunomia
1,1,1001,9,Eunomia
1,1,1002,9,Eunomia
1,1,1003,9,Eunomia
1,1,1004,9,Eunomia
1,1,1005,9,Eunomia
1,1,1006,9,Eunomia
1,1,1007,9,Eunomia
1,1,1008,9,Eunomia
1,1,1009,9,Eunomia
1,1,1010,9,Eunomia
1,1,1011,8,Eunomia
1,1,1012,8,Eunomia
1,1,1013,8,Eunomia
1,1,1014,8,Eunomia
1,1,1015,8,Eunomia
1,1,1016,8,Eunomia
1,1,1017,8,Eunomia
1,1,1018,8,Eunomia
1,1,1019,8,Eunomia
1,1,1020,8,Eunomia
1,1,1021,8,Eunomia
1,1,1022,8,Eunomia
1,1,1023,8,Eunomia
1,1,1024,8,Eunomia
1,1,1025,8,Eunomia
1,1,1026,8,Eunomia
1,1,1027,8,Eunomia
1,1,1028,8,Eunomia
1,1,1029,8,Eunomia
1,1,1030,8,Eunomia
1,1,1031,8,Eunomia
1,1,1032,8,Eunomia
1,1,1033,8,Eunomia
1,1,1034,7,Eunomia
1,1,1035,7,Eunomia
1,1,1036,7,Eunomia
1,1,1037,7,Eunomia
1,1,1038,7,Eunomia
1,1,1039,7,Eunomia
1,1,1040,7,Eunomia
1,1,1041,7,Eunomia
1,1,1042,7,Eunomia
1,1,1043,7,Eunomia
1,1,1044,7,Eunomia
1,1,1045,7,Eunomia
1,1,1046,7,Eunomia
1,1,1047,7,Eunomia
1,1,1048,7,Eunomia
1,1,1049,7,Eunomia
1,1,1050,7,Eunomia
1,1,1051,7,Eunomia
1,1,1052,7,Eunomia
1,1,1053,7,Eunomia
1,1,1054,7,Eunomia
1,1,1055,7,Eunomia
1,1,1056,6,Eunomia
1,1,1057,6,Eunomia
1,1,1058,6,Eunomia
1,1,1059,6,Eunomia
1,1,1060,6,Eunomia
1,1,1061,6,Eunomia
1,1,1062,6,Eunomia
1,1,1063,6,Eunomia
1,1,1064,6,Eunomia
1,1,1065,6,Eunomia
1,1,1066,6,Eunomia
1,1,1067,6,Eunomia
1,1,1068,6,Eunomia
1,1,1069,6,Eunomia
1,1,1070,6,Eunomia
1,1,1071,6,Eunomia
1,1,1072,6,Eunomia
1,1,1073,6,Eunomia
1,1,1074,6,Eunomia
1,1,1075,6,Eunomia
1,1,1076,6,Eunomia
1,1,1077,6,Eunomia
1,1,1078,6,Eunomia
1,1,1079,6,Eunomia
1,1,1080,6,Eunomia
1,1,1081,6,Eunomia
1,1,1082,6,Eunomia
1,1,1083,6,Eunomia
1,1,1084,6,Eunomia
1,1,1085,6,Eunomia
1,1,1086,6,Eunomia
1,1,1087,6,Eunomia
1,1,1088,6,Eunomia
1,1,1089,6,Eunomia
1,1,1090,6,Eunomia
1,1,1091,6,Eunomia
1,1,1092,5,Eunomia
1,1,1093,5,Eunomia
1,1,1094,5,Eunomia
1,1,1095,5,Eunomia
1,1,1096,5,Eunomia
1,1,1097,5,Eunomia
1,1,1098,5,Eunomia
1,1,1099,5,Eunomia
1,1,1100,5,Eunomia
1,1,1101,5,Eunomia
1,1,1102,5,Eunomia
1,1,1103,5,Eunomia
1,1,1104,5,Eunomia
1,1,1105,5,Eunomia
1,1,1106,5,Eunomia
1,1,1107,5,Eunomia
1,1,1108,5,Eunomia
1,1,1109,5,Eunomia
1,1,1110,5,Eunomia
1,1,1111,5,Eunomia
1,1,1112,5,Eunomia
1,1,1113,-5,Eunomia
1,1,1114,-5,Eunomia
1,1,1115,-5,Eunomia
1,1,1116,-5,Eunomia
1,1,1117,-5,Eunomia
1,1,1118,-5,Eunomia
1,1,1119,-5,Eunomia
1,1,1120,-5,Eunomia
1,1,1121,-5,Eunomia
1,1,1122,-5,Eunomia
1,1,1123,-5,Eunomia
1,1,1124,-5,Eunomia
1,1,1125,-5,Eunomia
1,1,1126,-5,Eunomia
1,1,1127,-5,Eunomia
1,1,1128,-5,Eunomia
1,1,1129,-5,Eunomia
1,1,1130,-5,Eunomia
1,1,1131,-5,Eunomia
1,1,1132,-5,Eunomia
1,1,1133,-5,Eunomia
1,1,1134,-5,Eunomia
1,1,1135,-5,Eunomia
1,1,1136,-5,Eunomia
1,1,1137,-5,Eunomia
1,1,1138,-5,Eunomia
1,1,1139,-5,Eunomia
1,1,1140,-5,Eunomia
1,1,1141,-5,Eunomia
1,1,1142,-5,Eunomia
1,1,1143,-5,Eunomia
1,1,1144,-5,Eunomia
1,1,1145,-5,Eunomia
1,1,1146,-5,Eunomia
1,1,1147,-5,Eunomia
1,1,1148,-5,Eunomia
1,1,1149,-5,Eunomia
1,1,1150,-5,Eunomia
1,1,1151,-5,Eunomia
1,1,1152,-5,Eunomia
1,1,1153,-5,Eunomia
1,1,1154,-5,Eunomia
1,1,1155,-5,Eunomia
1,1,1156,-5,Eunomia
1,1,1157,-5,Eunomia
1,1,1158,-5,Eunomia
1,1,1159,-5,Eunomia
1,1,1160,-5,Eunomia
1,1,1161,-5,Eunomia
1,1,1162,-5,Eunomia
1,1,1163,-5,Eunomia
1,1,1164,-5,Eunomia
1,1,1165,-5,Eunomia
1,1,1166,-5,Eunomia
1,1,1167,-5,Eunomia
1,1,1168,-5,Eunomia
1,1,1169,-5,Eunomia
1,1,1170,-5,Eunomia
1,1,1171,-5,Eunomia
1,1,1172,-5,Eunomia
1,1,1173,-5,Eunomia
1,1,1174,-5,Eunomia
1,1,1175,-5,Eunomia
1,1,1176,-5,Eunomia
1,1,1177,-5,Eunomia
1,1,1178,-5,Eunomia
1,1,1179,-5,Eunomia
1,1,1180,-5,Eunomia
1,1,1181,-5,Eunomia
1,1,1182,-5,Eunomia
1,1,1183,-5,Eunomia
1,1,1184,-5,Eunomia
1,1,1185,-5,Eunomia
1,1,1186,-5,Eunomia
1,1,1187,-5,Eunomia
1,1,1188,-5,Eunomia
1,1,1189,-5,Eunomia
1,1,1190,-5,Eunomia
1,1,1191,-5,Eunomia
1,1,1192,-5,Eunomia
1,1,1193,-5,Eunomia
1,1,1194,-5,Eunomia
1,1,1195,-5,Eunomia
1,1,1196,-5,Eunomia
1,1,1197,-5,Eunomia
1,1,1198,-5,Eunomia
1,1,1199,-5,Eunomia
1,1,1200,-5,Eunomia
1,1,1201,-5,Eunomia
1,1,1202,-5,Eunomia
1,1,1203,-5,Eunomia
1,1,1204,-5,Eunomia
1,1,1205,-5,Eunomia
1,1,1206,-5,Eunomia
1,1,1207,-5,Eunomia
1,1,1208,-5,Eunomia
1,1,1209,-5,Eunomia
1,1,1210,-5,Eunomia
1,1,1211,-5,Eunomia
1,1,1212,-5,Eunomia
1,1,1213,-5,Eunomia
1,1,1214,-5,Eunomia
1,1,1215,-5,Eunomia
1,1,1216,-5,Eunomia
1,1,1217,-5,Eunomia
1,1,1218,-5,Eunomia
1,1,1219,-5,Eunomia
1,1,1220,-5,Eunomia
1,1,1221,-5,Eunomia
1,1,1222,-5,Eunomia
1,1,1223,-5,Eunomia
1,1,1224,-5,Eunomia
1,1,1225,-5,Eunomia
1,1,1226,-5,Eunomia
1,1,1227,-5,Eunomia
1,1,1228,-5,Eunomia
1,1,1229,-5,Eunomia
1,1,1230,-5,Eunomia
1,1,1231,-5,Eunomia
1,1,1232,-5,Eunomia
1,1,1233,-5,Eunomia
1,1,1234,-5,Eunomia
1,1,1235,-5,Eunomia
1,1,1236,-5,Eunomia
1,1,1237,-5,Eunomia
1,1,1238,-5,Eunomia
1,1,1239,-5,Eunomia
1,1,1240,-5,Eunomia
1,1,1241,-5,Eunomia
1,1,1242,-5,Eunomia
1,1,1243,-5,Eunomia
1,1,1244,-5,Eunomia
1,1,1245,-5,Eunomia
1,1,1246,-5,Eunomia
1,1,1247,-5,Eunomia
1,1,1248,-5,Eunomia
1,1,1249,-5,Eunomia
1,1,1250,-5,Eunomia
1,1,1251,-5,Eunomia
1,1,1252,-5,Eunomia
1,1,1253,-5,Eunomia
1,1,1254,-5,Eunomia
1,1,1255,-5,Eunomia
1,1,1256,-5,Eunomia
1,1,1257,-5,Eunomia
1,1,1258,-5,Eunomia
1,1,1259,-5,Eunomia
1,1,1260,-5,Eunomia
1,1,1261,-5,Eunomia
1,1,1262,-5,Eunomia
1,1,1263,-5,Eunomia
1,1,1264,-5,Eunomia
1,1,1265,-5,Eunomia
1,1,1266,-5,Eunomia
1,1,1267,-5,Eunomia
1,1,1268,-5,Eunomia
1,1,1269,-5,Eunomia
1,1,1270,-5,Eunomia
1,1,1271,-5,Eunomia
1,1,1272,-5,Eunomia
1,1,1273,-5,Eunomia
1,1,1274,-5,Eunomia
1,1,1275,-5,Eunomia
1,1,1276,-5,Eunomia
1,1,1277,-5,Eunomia
1,1,1278,-5,Eunomia
1,1,1279,-5,Eunomia
1,1,1280,-5,Eunomia
1,1,1281,-5,Eunomia
1,1,1282,-5,Eunomia
1,1,1283,-5,Eunomia
1,1,1284,-5,Eunomia
1,1,1285,-5,Eunomia
1,1,1286,-5,Eunomia
1,1,1287,-5,Eunomia
1,1,1288,-5,Eunomia
1,1,1289,-5,Eunomia
1,1,1290,-5,Eunomia
1,1,1291,-5,Eunomia
1,3,7,1050,Eunomia
1,3,8,1289,Eunomia
1,3,9,1289,Eunomia
1,3,10,1289,Eunomia
1,3,11,1289,Eunomia
1,3,12,1289,Eunomia
1,3,13,1289,Eunomia
1,3,14,1289,Eunomia
1,3,15,1289,Eunomia
1,3,16,1289,Eunomia
1,3,17,1289,Eunomia
1,3,18,1289,Eunomia
1,3,19,1289,Eunomia
1,3,20,1289,Eunomia
1,3,21,1289,Eunomia
1,3,22,1289,Eunomia
1,3,23,1289,Eunomia
1,3,24,1289,Eunomia
1,3,25,1289,Eunomia
1,3,26,1289,Eunomia
1,3,27,1289,Eunomia
1,3,28,1289,Eunomia
1,3,29,1289,Eunomia
1,3,30,1289,Eunomia
1,3,31,1289,Eunomia
1,3,32,1289,Eunomia
1,3,33,1289,Eunomia
1,3,34,1289,Eunomia
1,3,35,1289,Eunomia
1,3,36,1289,Eunomia
1,3,37,1289,Eunomia
1,3,38,1289,Eunomia
1,3,39,1289,Eunomia
1,3,40,1289,Eunomia
1,3,41,1289,Eunomia
1,3,42,1289,Eunomia
1,3,43,1289,Eunomia
1,3,44,1289,Eunomia
1,3,45,1289,Eunomia
1,3,46,1289,Eunomia
1,3,47,1289,Eunomia
1,3,48,1289,Eunomia
1,3,49,1289,Eunomia
1,3,50,1289,Eunomia
1,3,51,1289,Eunomia
1,3,52,1289,Eunomia
1,3,53,1289,Eunomia
1,3,54,1289,Eunomia
1,3,55,1289,Eunomia
1,3,56,1289,Eunomia
1,3,57,1289,Eunomia
1,3,58,1289,Eunomia
1,3,59,1289,Eunomia
1,3,60,1289,Eunomia
1,3,61,1289,Eunomia
1,3,62,1289,Eunomia
1,3,63,1289,Eunomia
1,3,64,1289,Eunomia
1,3,65,1289,Eunomia
1,3,66,1289,Eunomia
1,3,67,1289,Eunomia
1,3,68,1289,Eunomia
1,3,69,1289,Eunomia
1,3,70,1289,Eunomia
1,3,71,1289,Eunomia
1,3,72,1289,Eunomia
1,3,73,1289,Eunomia
1,3,74,1289,Eunomia
1,3,75,1289,Eunomia
1,3,76,1289,Eunomia
1,3,77,1289,Eunomia
1,3,78,1289,Eunomia
1,3,79,1289,Eunomia
1,3,80,1289,Eunomia
1,3,81,1289,Eunomia
1,3,82,1289,Eunomia
1,3,83,1289,Eunomia
1,3,84,1289,Eunomia
1,3,85,1289,Eunomia
1,3,86,1289,Eunomia
1,3,87,1289,Eunomia
1,3,88,1289,Eunomia
1,3,89,1289,Eunomia
1,3,90,1289,Eunomia
1,3,91,1289,Eunomia
1,3,92,1289,Eunomia
1,3,93,1289,Eunomia
1,3,94,1289,Eunomia
1,3,95,1289,Eunomia
1,3,96,1289,Eunomia
1,3,97,1289,Eunomia
1,3,98,1289,Eunomia
1,3,99,1289,Eunomia
1,3,100,1289,Eunomia
1,3,101,1289,Eunomia
1,3,102,1289,Eunomia
1,3,103,1289,Eunomia
1,3,104,1289,Eunomia
1,3,105,1289,Eunomia
1,3,106,1289,Eunomia
1,3,107,1289,Eunomia
1,3,108,1289,Eunomia
1,3,109,1289,Eunomia
1,3,110,1289,Eunomia
1,3,111,1289,Eunomia
1,3,112,1289,Eunomia
1,3,113,1289,Eunomia
1,3,114,1289,Eunomia
1,3,115,1289,Eunomia
1,3,116,1289,Eunomia
1,3,117,1289,Eunomia
1,3,118,1289,Eunomia
1,3,119,1289,Eunomia
1,3,120,1289,Eunomia
1,3,121,1289,Eunomia
1,3,122,1289,Eunomia
1,3,123,1289,Eunomia
1,3,124,1289,Eunomia
1,3,125,1289,Eunomia
1,3,126,1289,Eunomia
1,3,127,1289,Eunomia
1,3,128,1289,Eunomia
1,3,129,1289,Eunomia
1,3,130,1289,Eunomia
1,3,131,1289,Eunomia
1,3,132,1289,Eunomia
1,3,133,1289,Eunomia
1,3,134,1289,Eunomia
1,3,135,1289,Eunomia
1,3,136,1289,Eunomia
1,3,137,1289,Eunomia
1,3,138,1289,Eunomia
1,3,139,1289,Eunomia
1,3,140,1289,Eunomia
1,3,141,1289,Eunomia
1,3,142,1289,Eunomia
1,3,143,1289,Eunomia
1,3,144,1289,Eunomia
1,3,145,1289,Eunomia
1,3,146,1289,Eunomia
1,3,147,1289,Eunomia
1,3,148,1289,Eunomia
1,3,149,1289,Eunomia
1,3,150,1289,Eunomia
1,3,151,1289,Eunomia
1,3,152,1289,Eunomia
1,3,153,1289,Eunomia
1,3,154,1289,Eunomia
1,3,155,1289,Eunomia
1,3,156,1289,Eunomia
1,3,157,1289,Eunomia
1,3,158,1289,Eunomia
1,3,159,1289,Eunomia
1,3,160,1289,Eunomia
1,3,161,1289,Eunomia
1,3,162,1289,Eunomia
1,3,163,1289,Eunomia
1,3,164,1289,Eunomia
1,3,165,1289,Eunomia
1,3,166,1289,Eunomia
1,3,167,1289,Eunomia
1,3,168,1289,Eunomia
1,3,169,1289,Eunomia
1,3,170,1289,Eunomia
1,3,171,1289,Eunomia
1,3,172,1289,Eunomia
1,3,173,1289,Eunomia
1,3,174,1289,Eunomia
1,3,175,1289,Eunomia
1,3,176,1289,Eunomia
1,3,177,1289,Eunomia
1,3,178,1289,Eunomia
1,3,179,1289,Eunomia
1,3,180,1289,Eunomia
1,3,181,1289,Eunomia
1,3,182,1289,Eunomia
1,3,183,1289,Eunomia
1,3,184,1289,Eunomia
1,3,185,1289,Eunomia
1,3,186,1289,Eunomia
1,3,187,1289,Eunomia
1,3,188,1289,Eunomia
1,3,189,1289,Eunomia
1,3,190,1289,Eunomia
1,3,191,1289,Eunomia
1,3,192,1289,Eunomia
1,3,193,1289,Eunomia
1,3,194,1289,Eunomia
1,3,195,1289,Eunomia
1,3,196,1289,Eunomia
1,3,197,1289,Eunomia
1,3,198,1289,Eunomia
1,3,199,1289,Eunomia
1,3,200,1289,Eunomia
1,3,201,1289,Eunomia
1,3,202,1289,Eunomia
1,3,203,1289,Eunomia
1,3,204,1289,Eunomia
1,3,205,1289,Eunomia
1,3,206,1289,Eunomia
1,3,207,1289,Eunomia
1,3,208,1289,Eunomia
1,3,209,1289,Eunomia
1,3,210,1289,Eunomia
1,3,211,1289,Eunomia
1,3,212,1289,Eunomia
1,3,213,1289,Eunomia
1,3,214,1289,Eunomia
1,3,215,1289,Eunomia
1,3,216,1289,Eunomia
1,3,217,1289,Eunomia
1,3,218,1289,Eunomia
1,3,219,1289,Eunomia
1,3,220,1289,Eunomia
1,3,221,1289,Eunomia
1,3,222,1289,Eunomia
1,3,223,1289,Eunomia
1,3,224,1289,Eunomia
1,3,225,1289,Eunomia
1,3,226,1289,Eunomia
1,3,227,1289,Eunomia
1,3,228,1289,Eunomia
1,3,229,1289,Eunomia
1,3,230,1289,Eunomia
1,3,231,1289,Eunomia
1,3,232,1289,Eunomia
1,3,233,1289,Eunomia
1,3,234,1289,Eunomia
1,3,235,1289,Eunomia
1,3,236,1289,Eunomia
1,3,237,1289,Eunomia
1,3,238,1289,Eunomia
1,3,239,1289,Eunomia
1,3,240,1289,Eunomia
1,3,241,1289,Eunomia
1,3,242,1289,Eunomia
1,3,243,1289,Eunomia
1,3,244,1289,Eunomia
1,3,245,1289,Eunomia
1,3,246,1289,Eunomia
1,3,247,1289,Eunomia
1,3,248,1289,Eunomia
1,3,249,1289,Eunomia
1,3,250,1289,Eunomia
1,3,251,1289,Eunomia
1,3,252,1289,Eunomia
1,3,253,1289,Eunomia
1,3,254,1289,Eunomia
1,3,255,1289,Eunomia
1,3,256,1289,Eunomia
1,3,257,1289,Eunomia
1,3,258,1289,Eunomia
1,3,259,1289,Eunomia
1,3,260,1289,Eunomia
1,3,261,1289,Eunomia
1,3,262,1289,Eunomia
1,3,263,1289,Eunomia
1,3,264,1289,Eunomia
1,3,265,1289,Eunomia
1,3,266,1289,Eunomia
1,3,267,1289,Eunomia
1,3,268,1289,Eunomia
1,3,269,1289,Eunomia
1,3,270,1289,Eunomia
1,3,271,1289,Eunomia
1,3,272,1289,Eunomia
1,3,273,1289,Eunomia
1,3,274,1289,Eunomia
1,3,275,1289,Eunomia
1,3,276,1289,Eunomia
1,3,277,1289,Eunomia
1,3,278,1289,Eunomia
1,3,279,1289,Eunomia
1,3,280,1289,Eunomia
1,3,281,1289,Eunomia
1,3,282,1289,Eunomia
1,3,283,1289,Eunomia
1,3,284,1289,Eunomia
1,3,285,1289,Eunomia
1,3,286,1289,Eunomia
1,3,287,1289,Eunomia
1,3,288,1289,Eunomia
1,3,289,1289,Eunomia
1,3,290,1289,Eunomia
1,3,291,1289,Eunomia
1,3,292,1289,Eunomia
1,3,293,1289,Eunomia
1,3,294,1289,Eunomia
1,3,295,1289,Eunomia
1,3,296,1289,Eunomia
1,3,297,1289,Eunomia
1,3,298,1289,Eunomia
1,3,299,1289,Eunomia
1,3,300,1289,Eunomia
1,3,301,1289,Eunomia
1,3,302,1289,Eunomia
1,3,303,1289,Eunomia
1,3,304,1289,Eunomia
1,3,305,1289,Eunomia
1,3,306,1289,Eunomia
1,3,307,1289,Eunomia
1,3,308,1289,Eunomia
1,3,309,1289,Eunomia
1,3,310,1289,Eunomia
1,3,311,1289,Eunomia
1,3,312,1289,Eunomia
1,3,313,1289,Eunomia
1,3,314,1289,Eunomia
1,3,315,1289,Eunomia
1,3,316,1289,Eunomia
1,3,317,1289,Eunomia
1,3,318,1289,Eunomia
1,3,319,1289,Eunomia
1,3,320,1289,Eunomia
1,3,321,1289,Eunomia
1,3,322,1289,Eunomia
1,3,323,1289,Eunomia
1,3,324,1289,Eunomia
1,3,325,1289,Eunomia
1,3,326,1289,Eunomia
1,3,327,1289,Eunomia
1,3,328,1289,Eunomia
1,3,329,1289,Eunomia
1,3,330,1289,Eunomia
1,3,331,1289,Eunomia
1,3,332,1289,Eunomia
1,3,333,1289,Eunomia
1,3,334,1289,Eunomia
1,3,335,1289,Eunomia
1,3,336,1289,Eunomia
1,3,337,1289,Eunomia
1,3,338,1289,Eunomia
1,3,339,1289,Eunomia
1,3,340,1289,Eunomia
1,3,341,1289,Eunomia
1,3,342,1289,Eunomia
1,3,343,1289,Eunomia
1,3,344,1289,Eunomia
1,3,345,1289,Eunomia
1,3,346,1289,Eunomia
1,3,347,1289,Eunomia
1,3,348,1289,Eunomia
1,3,349,1289,Eunomia
1,3,350,1289,Eunomia
1,3,351,1289,Eunomia
1,3,352,1289,Eunomia
1,3,353,1289,Eunomia
1,3,354,1289,Eunomia
1,3,355,1289,Eunomia
1,3,356,1289,Eunomia
1,3,357,1289,Eunomia
1,3,358,1289,Eunomia
1,3,359,1289,Eunomia
1,3,360,1289,Eunomia
1,3,361,1289,Eunomia
1,3,362,1289,Eunomia
1,3,363,1289,Eunomia
1,3,364,1289,Eunomia
1,3,365,1289,Eunomia
1,3,366,1289,Eunomia
1,3,367,1289,Eunomia
1,3,368,1289,Eunomia
1,3,369,1289,Eunomia
1,3,370,1289,Eunomia
1,3,371,1289,Eunomia
1,3,372,1289,Eunomia
1,3,373,1289,Eunomia
1,3,374,1289,Eunomia
1,3,375,1289,Eunomia
1,3,376,1289,Eunomia
1,3,377,1289,Eunomia
1,3,378,1289,Eunomia
1,3,379,1289,Eunomia
1,3,380,1289,Eunomia
1,3,381,1289,Eunomia
1,3,382,1289,Eunomia
1,3,383,1289,Eunomia
1,3,384,1289,Eunomia
1,3,385,1289,Eunomia
1,3,386,1289,Eunomia
1,3,387,1288,Eunomia
1,3,388,1288,Eunomia
1,3,389,1288,Eunomia
1,3,390,1288,Eunomia
1,3,391,1288,Eunomia
1,3,392,1288,Eunomia
1,3,393,1288,Eunomia
1,3,394,1288,Eunomia
1,3,395,1288,Eunomia
1,3,396,1288,Eunomia
1,3,397,1288,Eunomia
1,3,398,1288,Eunomia
1,3,399,1288,Eunomia
1,3,400,1288,Eunomia
1,3,401,1288,Eunomia
1,3,402,1288,Eunomia
1,3,403,1288,Eunomia
1,3,404,1288,Eunomia
1,3,405,1288,Eunomia
1,3,406,1288,Eunomia
1,3,407,1288,Eunomia
1,3,408,1288,Eunomia
1,3,409,1287,Eunomia
1,3,410,1287,Eunomia
1,3,411,1286,Eunomia
1,3,412,1286,Eunomia
1,3,413,1286,Eunomia
1,3,414,1286,Eunomia
1,3,415,1286,Eunomia
1,3,416,1285,Eunomia
1,3,417,1284,Eunomia
1,3,418,1283,Eunomia
1,3,419,1283,Eunomia
1,3,420,1282,Eunomia
1,3,421,1282,Eunomia
1,3,422,1282,Eunomia
1,3,423,1281,Eunomia
1,3,424,1281,Eunomia
1,3,425,1281,Eunomia
1,3,426,1280,Eunomia
1,3,427,1280,Eunomia
1,3,428,1280,Eunomia
1,3,429,1280,Eunomia
1,3,430,1280,Eunomia
1,3,431,1279,Eunomia
1,3,432,1276,Eunomia
1,3,433,1275,Eunomia
1,3,434,1275,Eunomia
1,3,435,1274,Eunomia
1,3,436,1274,Eunomia
1,3,437,1274,Eunomia
1,3,438,1273,Eunomia
1,3,439,1273,Eunomia
1,3,440,1272,Eunomia
1,3,441,1271,Eunomia
1,3,442,1271,Eunomia
1,3,443,1271,Eunomia
1,3,444,1269,Eunomia
1,3,445,1263,Eunomia
1,3,446,1263,Eunomia
1,3,447,1261,Eunomia
1,3,448,1258,Eunomia
1,3,449,1257,Eunomia
1,3,450,1256,Eunomia
1,3,451,1256,Eunomia
1,3,452,1255,Eunomia
1,3,453,1252,Eunomia
1,3,454,1250,Eunomia
1,3,455,1249,Eunomia
1,3,456,1248,Eunomia
1,3,457,1248,Eunomia
1,3,458,1247,Eunomia
1,3,459,1247,Eunomia
1,3,460,1246,Eunomia
1,3,461,1246,Eunomia
1,3,462,1246,Eunomia
1,3,463,1244,Eunomia
1,3,464,1242,Eunomia
1,3,465,1242,Eunomia
1,3,466,1240,Eunomia
1,3,467,1239,Eunomia
1,3,468,1237,Eunomia
1,3,469,1236,Eunomia
1,3,470,1234,Eunomia
1,3,471,1234,Eunomia
1,3,472,1234,Eunomia
1,3,473,1233,Eunomia
1,3,474,1233,Eunomia
1,3,475,1231,Eunomia
1,3,476,1231,Eunomia
1,3,477,1231,Eunomia
1,3,478,1231,Eunomia
1,3,479,1214,Eunomia
1,3,480,1212,Eunomia
1,3,481,1210,Eunomia
1,3,482,1209,Eunomia
1,3,483,1208,Eunomia
1,3,484,1206,Eunomia
1,3,485,1204,Eunomia
1,3,486,1204,Eunomia
1,3,487,1203,Eunomia
1,3,488,1203,Eunomia
1,3,489,1202,Eunomia
1,3,490,1200,Eunomia
1,3,491,1200,Eunomia
1,3,492,1200,Eunomia
1,3,493,1199,Eunomia
1,3,494,1199,Eunomia
1,3,495,1197,Eunomia
1,3,496,1196,Eunomia
1,3,497,1192,Eunomia
1,3,498,1191,Eunomia
1,3,499,1191,Eunomia
1,3,500,1191,Eunomia
1,3,501,1190,Eunomia
1,3,502,1189,Eunomia
1,3,503,1172,Eunomia
1,3,504,1169,Eunomia
1,3,505,1167,Eunomia
1,3,506,1167,Eunomia
1,3,507,1167,Eunomia
1,3,508,1166,Eunomia
1,3,509,1165,Eunomia
1,3,510,1164,Eunomia
1,3,511,1163,Eunomia
1,3,512,1162,Eunomia
1,3,513,1161,Eunomia
1,3,514,1159,Eunomia
1,3,515,1158,Eunomia
1,3,516,1156,Eunomia
1,3,517,1154,Eunomia
1,3,518,1154,Eunomia
1,3,519,1153,Eunomia
1,3,520,1151,Eunomia
1,3,521,1150,Eunomia
1,3,522,1147,Eunomia
1,3,523,1145,Eunomia
1,3,524,1145,Eunomia
1,3,525,1145,Eunomia
1,3,526,1144,Eunomia
1,3,527,1126,Eunomia
1,3,528,1123,Eunomia
1,3,529,1122,Eunomia
1,3,530,1120,Eunomia
1,3,531,1118,Eunomia
1,3,532,1116,Eunomia
1,3,533,1113,Eunomia
1,3,534,1110,Eunomia
1,3,535,1109,Eunomia
1,3,536,1108,Eunomia
1,3,537,1108,Eunomia
1,3,538,1107,Eunomia
1,3,539,1104,Eunomia
1,3,540,1102,Eunomia
1,3,541,1100,Eunomia
1,3,542,1098,Eunomia
1,3,543,1096,Eunomia
1,3,544,1094,Eunomia
1,3,545,1091,Eunomia
1,3,546,1090,Eunomia
1,3,547,1086,Eunomia
1,3,548,1083,Eunomia
1,3,549,1080,Eunomia
1,3,550,1079,Eunomia
1,3,551,1053,Eunomia
1,3,552,1049,Eunomia
1,3,553,1046,Eunomia
1,3,554,1044,Eunomia
1,3,555,1041,Eunomia
1,3,556,1041,Eunomia
1,3,557,1037,Eunomia
1,3,558,1036,Eunomia
1,3,559,1030,Eunomia
1,3,560,1029,Eunomia
1,3,561,1027,Eunomia
1,3,562,1026,Eunomia
1,3,563,1024,Eunomia
1,3,564,1023,Eunomia
1,3,565,1023,Eunomia
1,3,566,1020,Eunomia
1,3,567,1015,Eunomia
1,3,568,1012,Eunomia
1,3,569,1010,Eunomia
1,3,570,1008,Eunomia
1,3,571,1005,Eunomia
1,3,572,1004,Eunomia
1,3,573,1003,Eunomia
1,3,574,1001,Eunomia
1,3,575,973,Eunomia
1,3,576,973,Eunomia
1,3,577,973,Eunomia
1,3,578,970,Eunomia
1,3,579,968,Eunomia
1,3,580,968,Eunomia
1,3,581,966,Eunomia
1,3,582,965,Eunomia
1,3,583,962,Eunomia
1,3,584,960,Eunomia
1,3,585,959,Eunomia
1,3,586,957,Eunomia
1,3,587,955,Eunomia
1,3,588,953,Eunomia
1,3,589,953,Eunomia
1,3,590,952,Eunomia
1,3,591,950,Eunomia
1,3,592,950,Eunomia
1,3,593,947,Eunomia
1,3,594,946,Eunomia
1,3,595,944,Eunomia
1,3,596,941,Eunomia
1,3,597,940,Eunomia
1,3,598,939,Eunomia
1,3,599,913,Eunomia
1,3,600,908,Eunomia
1,3,601,908,Eunomia
1,3,602,908,Eunomia
1,3,603,907,Eunomia
1,3,604,906,Eunomia
1,3,605,905,Eunomia
1,3,606,904,Eunomia
1,3,607,904,Eunomia
1,3,608,900,Eunomia
1,3,609,899,Eunomia
1,3,610,899,Eunomia
1,3,611,884,Eunomia
1,3,612,883,Eunomia
1,3,613,876,Eunomia
1,3,614,870,Eunomia
1,3,615,868,Eunomia
1,3,616,867,Eunomia
1,3,617,867,Eunomia
1,3,618,866,Eunomia
1,3,619,865,Eunomia
1,3,620,863,Eunomia
1,3,621,861,Eunomia
1,3,622,859,Eunomia
1,3,623,844,Eunomia
1,3,624,844,Eunomia
1,3,625,840,Eunomia
1,3,626,838,Eunomia
1,3,627,835,Eunomia
1,3,628,835,Eunomia
1,3,629,835,Eunomia
1,3,630,834,Eunomia
1,3,631,831,Eunomia
1,3,632,830,Eunomia
1,3,633,829,Eunomia
1,3,634,827,Eunomia
1,3,635,807,Eunomia
1,3,636,805,Eunomia
1,3,637,805,Eunomia
1,3,638,805,Eunomia
1,3,639,802,Eunomia
1,3,640,799,Eunomia
1,3,641,798,Eunomia
1,3,642,798,Eunomia
1,3,643,795,Eunomia
1,3,644,795,Eunomia
1,3,645,794,Eunomia
1,3,646,792,Eunomia
1,3,647,773,Eunomia
1,3,648,773,Eunomia
1,3,649,771,Eunomia
1,3,650,769,Eunomia
1,3,651,766,Eunomia
1,3,652,764,Eunomia
1,3,653,760,Eunomia
1,3,654,759,Eunomia
1,3,655,757,Eunomia
1,3,656,755,Eunomia
1,3,657,755,Eunomia
1,3,658,754,Eunomia
1,3,659,734,Eunomia
1,3,660,734,Eunomia
1,3,661,730,Eunomia
1,3,662,728,Eunomia
1,3,663,727,Eunomia
1,3,664,724,Eunomia
1,3,665,722,Eunomia
1,3,666,720,Eunomia
1,3,667,716,Eunomia
1,3,668,716,Eunomia
1,3,669,715,Eunomia
1,3,670,713,Eunomia
1,3,671,710,Eunomia
1,3,672,701,Eunomia
1,3,673,698,Eunomia
1,3,674,696,Eunomia
1,3,675,696,Eunomia
1,3,676,694,Eunomia
1,3,677,692,Eunomia
1,3,678,689,Eunomia
1,3,679,689,Eunomia
1,3,680,688,Eunomia
1,3,681,688,Eunomia
1,3,682,682,Eunomia
1,3,683,677,Eunomia
1,3,684,664,Eunomia
1,3,685,663,Eunomia
1,3,686,662,Eunomia
1,3,687,661,Eunomia
1,3,688,658,Eunomia
1,3,689,654,Eunomia
1,3,690,653,Eunomia
1,3,691,652,Eunomia
1,3,692,648,Eunomia
1,3,693,642,Eunomia
1,3,694,640,Eunomia
1,3,695,636,Eunomia
1,3,696,622,Eunomia
1,3,697,621,Eunomia
1,3,698,619,Eunomia
1,3,699,616,Eunomia
1,3,700,615,Eunomia
1,3,701,613,Eunomia
1,3,702,610,Eunomia
1,3,703,607,Eunomia
1,3,704,605,Eunomia
1,3,705,603,Eunomia
1,3,706,601,Eunomia
1,3,707,599,Eunomia
1,3,708,587,Eunomia
1,3,709,582,Eunomia
1,3,710,580,Eunomia
1,3,711,577,Eunomia
1,3,712,577,Eunomia
1,3,713,574,Eunomia
1,3,714,573,Eunomia
1,3,715,572,Eunomia
1,3,716,572,Eunomia
1,3,717,570,Eunomia
1,3,718,570,Eunomia
1,3,719,567,Eunomia
1,3,720,548,Eunomia
1,3,721,545,Eunomia
1,3,722,541,Eunomia
1,3,723,538,Eunomia
1,3,724,534,Eunomia
1,3,725,532,Eunomia
1,3,726,528,Eunomia
1,3,727,526,Eunomia
1,3,728,525,Eunomia
1,3,729,525,Eunomia
1,3,730,525,Eunomia
1,3,731,523,Eunomia
1,3,732,520,Eunomia
1,3,733,513,Eunomia
1,3,734,512,Eunomia
1,3,735,510,Eunomia
1,3,736,505,Eunomia
1,3,737,503,Eunomia
1,3,738,502,Eunomia
1,3,739,501,Eunomia
1,3,740,497,Eunomia
1,3,741,495,Eunomia
1,3,742,490,Eunomia
1,3,743,488,Eunomia
1,3,744,486,Eunomia
1,3,745,477,Eunomia
1,3,746,474,Eunomia
1,3,747,473,Eunomia
1,3,748,471,Eunomia
1,3,749,468,Eunomia
1,3,750,467,Eunomia
1,3,751,465,Eunomia
1,3,752,462,Eunomia
1,3,753,461,Eunomia
1,3,754,458,Eunomia
1,3,755,456,Eunomia
1,3,756,453,Eunomia
1,3,757,443,Eunomia
1,3,758,438,Eunomia
1,3,759,435,Eunomia
1,3,760,434,Eunomia
1,3,761,434,Eunomia
1,3,762,433,Eunomia
1,3,763,430,Eunomia
1,3,764,427,Eunomia
1,3,765,426,Eunomia
1,3,766,423,Eunomia
1,3,767,422,Eunomia
1,3,768,420,Eunomia
1,3,769,411,Eunomia
1,3,770,408,Eunomia
1,3,771,405,Eunomia
1,3,772,402,Eunomia
1,3,773,402,Eunomia
1,3,774,397,Eunomia
1,3,775,396,Eunomia
1,3,776,395,Eunomia
1,3,777,393,Eunomia
1,3,778,391,Eunomia
1,3,779,391,Eunomia
1,3,780,391,Eunomia
1,3,781,385,Eunomia
1,3,782,384,Eunomia
1,3,783,383,Eunomia
1,3,784,383,Eunomia
1,3,785,383,Eunomia
1,3,786,379,Eunomia
1,3,787,378,Eunomia
1,3,788,378,Eunomia
1,3,789,378,Eunomia
1,3,790,378,Eunomia
1,3,791,376,Eunomia
1,3,792,375,Eunomia
1,3,793,375,Eunomia
1,3,794,366,Eunomia
1,3,795,366,Eunomia
1,3,796,365,Eunomia
1,3,797,363,Eunomia
1,3,798,361,Eunomia
1,3,799,360,Eunomia
1,3,800,356,Eunomia
1,3,801,354,Eunomia
1,3,802,352,Eunomia
1,3,803,351,Eunomia
1,3,804,349,Eunomia
1,3,805,345,Eunomia
1,3,806,336,Eunomia
1,3,807,334,Eunomia
1,3,808,333,Eunomia
1,3,809,332,Eunomia
1,3,810,330,Eunomia
1,3,811,328,Eunomia
1,3,812,325,Eunomia
1,3,813,321,Eunomia
1,3,814,320,Eunomia
1,3,815,315,Eunomia
1,3,816,313,Eunomia
1,3,817,311,Eunomia
1,3,818,303,Eunomia
1,3,819,301,Eunomia
1,3,820,298,Eunomia
1,3,821,295,Eunomia
1,3,822,292,Eunomia
1,3,823,291,Eunomia
1,3,824,291,Eunomia
1,3,825,291,Eunomia
1,3,826,290,Eunomia
1,3,827,289,Eunomia
1,3,828,284,Eunomia
1,3,829,281,Eunomia
1,3,830,279,Eunomia
1,3,831,276,Eunomia
1,3,832,275,Eunomia
1,3,833,275,Eunomia
1,3,834,273,Eunomia
1,3,835,271,Eunomia
1,3,836,269,Eunomia
1,3,837,266,Eunomia
1,3,838,266,Eunomia
1,3,839,264,Eunomia
1,3,840,263,Eunomia
1,3,841,262,Eunomia
1,3,842,259,Eunomia
1,3,843,258,Eunomia
1,3,844,258,Eunomia
1,3,845,258,Eunomia
1,3,846,257,Eunomia
1,3,847,256,Eunomia
1,3,848,255,Eunomia
1,3,849,253,Eunomia
1,3,850,252,Eunomia
1,3,851,250,Eunomia
1,3,852,249,Eunomia
1,3,853,248,Eunomia
1,3,854,248,Eunomia
1,3,855,246,Eunomia
1,3,856,246,Eunomia
1,3,857,243,Eunomia
1,3,858,240,Eunomia
1,3,859,239,Eunomia
1,3,860,238,Eunomia
1,3,861,235,Eunomia
1,3,862,234,Eunomia
1,3,863,231,Eunomia
1,3,864,227,Eunomia
1,3,865,227,Eunomia
1,3,866,224,Eunomia
1,3,867,220,Eunomia
1,3,868,219,Eunomia
1,3,869,219,Eunomia
1,3,870,218,Eunomia
1,3,871,217,Eunomia
1,3,872,216,Eunomia
1,3,873,212,Eunomia
1,3,874,209,Eunomia
1,3,875,208,Eunomia
1,3,876,208,Eunomia
1,3,877,206,Eunomia
1,3,878,205,Eunomia
1,3,879,200,Eunomia
1,3,880,200,Eunomia
1,3,881,199,Eunomia
1,3,882,198,Eunomia
1,3,883,196,Eunomia
1,3,884,196,Eunomia
1,3,885,196,Eunomia
1,3,886,194,Eunomia
1,3,887,192,Eunomia
1,3,888,190,Eunomia
1,3,889,189,Eunomia
1,3,890,188,Eunomia
1,3,891,187,Eunomia
1,3,892,185,Eunomia
1,3,893,184,Eunomia
1,3,894,182,Eunomia
1,3,895,182,Eunomia
1,3,896,181,Eunomia
1,3,897,180,Eunomia
1,3,898,178,Eunomia
1,3,899,177,Eunomia
1,3,900,176,Eunomia
1,3,901,176,Eunomia
1,3,902,174,Eunomia
1,3,903,173,Eunomia
1,3,904,171,Eunomia
1,3,905,171,Eunomia
1,3,906,167,Eunomia
1,3,907,165,Eunomia
1,3,908,164,Eunomia
1,3,909,163,Eunomia
1,3,910,162,Eunomia
1,3,911,162,Eunomia
1,3,912,160,Eunomia
1,3,913,160,Eunomia
1,3,914,160,Eunomia
1,3,915,157,Eunomia
1,3,916,155,Eunomia
1,3,917,153,Eunomia
1,3,918,153,Eunomia
1,3,919,152,Eunomia
1,3,920,152,Eunomia
1,3,921,151,Eunomia
1,3,922,150,Eunomia
1,3,923,149,Eunomia
1,3,924,149,Eunomia
1,3,925,148,Eunomia
1,3,926,148,Eunomia
1,3,927,147,Eunomia
1,3,928,144,Eunomia
1,3,929,143,Eunomia
1,3,930,142,Eunomia
1,3,931,140,Eunomia
1,3,932,140,Eunomia
1,3,933,140,Eunomia
1,3,934,139,Eunomia
1,3,935,137,Eunomia
1,3,936,137,Eunomia
1,3,937,137,Eunomia
1,3,938,136,Eunomia
1,3,939,133,Eunomia
1,3,940,131,Eunomia
1,3,941,130,Eunomia
1,3,942,128,Eunomia
1,3,943,128,Eunomia
1,3,944,128,Eunomia
1,3,945,127,Eunomia
1,3,946,123,Eunomia
1,3,947,122,Eunomia
1,3,948,121,Eunomia
1,3,949,120,Eunomia
1,3,950,119,Eunomia
1,3,951,118,Eunomia
1,3,952,118,Eunomia
1,3,953,118,Eunomia
1,3,954,118,Eunomia
1,3,955,118,Eunomia
1,3,956,118,Eunomia
1,3,957,116,Eunomia
1,3,958,116,Eunomia
1,3,959,115,Eunomia
1,3,960,114,Eunomia
1,3,961,113,Eunomia
1,3,962,111,Eunomia
1,3,963,109,Eunomia
1,3,964,106,Eunomia
1,3,965,104,Eunomia
1,3,966,103,Eunomia
1,3,967,103,Eunomia
1,3,968,102,Eunomia
1,3,969,102,Eunomia
1,3,970,101,Eunomia
1,3,971,100,Eunomia
1,3,972,100,Eunomia
1,3,973,99,Eunomia
1,3,974,98,Eunomia
1,3,975,97,Eunomia
1,3,976,96,Eunomia
1,3,977,93,Eunomia
1,3,978,93,Eunomia
1,3,979,90,Eunomia
1,3,980,89,Eunomia
1,3,981,89,Eunomia
1,3,982,89,Eunomia
1,3,983,88,Eunomia
1,3,984,86,Eunomia
1,3,985,86,Eunomia
1,3,986,84,Eunomia
1,3,987,82,Eunomia
1,3,988,80,Eunomia
1,3,989,78,Eunomia
1,3,990,78,Eunomia
1,3,991,78,Eunomia
1,3,992,77,Eunomia
1,3,993,75,Eunomia
1,3,994,75,Eunomia
1,3,995,74,Eunomia
1,3,996,74,Eunomia
1,3,997,74,Eunomia
1,3,998,73,Eunomia
1,3,999,72,Eunomia
1,3,1000,72,Eunomia
1,3,1001,70,Eunomia
1,3,1002,68,Eunomia
1,3,1003,68,Eunomia
1,3,1004,67,Eunomia
1,3,1005,66,Eunomia
1,3,1006,66,Eunomia
1,3,1007,66,Eunomia
1,3,1008,66,Eunomia
1,3,1009,65,Eunomia
1,3,1010,65,Eunomia
1,3,1011,63,Eunomia
1,3,1012,63,Eunomia
1,3,1013,63,Eunomia
1,3,1014,61,Eunomia
1,3,1015,60,Eunomia
1,3,1016,60,Eunomia
1,3,1017,60,Eunomia
1,3,1018,60,Eunomia
1,3,1019,60,Eunomia
1,3,1020,59,Eunomia
1,3,1021,58,Eunomia
1,3,1022,58,Eunomia
1,3,1023,57,Eunomia
1,3,1024,57,Eunomia
1,3,1025,57,Eunomia
1,3,1026,57,Eunomia
1,3,1027,57,Eunomia
1,3,1028,56,Eunomia
1,3,1029,56,Eunomia
1,3,1030,56,Eunomia
1,3,1031,56,Eunomia
1,3,1032,56,Eunomia
1,3,1033,55,Eunomia
1,3,1034,53,Eunomia
1,3,1035,53,Eunomia
1,3,1036,53,Eunomia
1,3,1037,53,Eunomia
1,3,1038,53,Eunomia
1,3,1039,53,Eunomia
1,3,1040,53,Eunomia
1,3,1041,53,Eunomia
1,3,1042,53,Eunomia
1,3,1043,53,Eunomia
1,3,1044,53,Eunomia
1,3,1045,52,Eunomia
1,3,1046,52,Eunomia
1,3,1047,52,Eunomia
1,3,1048,52,Eunomia
1,3,1049,52,Eunomia
1,3,1050,52,Eunomia
1,3,1051,51,Eunomia
1,3,1052,51,Eunomia
1,3,1053,51,Eunomia
1,3,1054,51,Eunomia
1,3,1055,51,Eunomia
1,3,1056,47,Eunomia
1,3,1057,46,Eunomia
1,3,1058,46,Eunomia
1,3,1059,46,Eunomia
1,3,1060,45,Eunomia
1,3,1061,45,Eunomia
1,3,1062,44,Eunomia
1,3,1063,44,Eunomia
1,3,1064,44,Eunomia
1,3,1065,44,Eunomia
1,3,1066,44,Eunomia
1,3,1067,43,Eunomia
1,3,1068,43,Eunomia
1,3,1069,42,Eunomia
1,3,1070,42,Eunomia
1,3,1071,42,Eunomia
1,3,1072,42,Eunomia
1,3,1073,42,Eunomia
1,3,1074,41,Eunomia
1,3,1075,41,Eunomia
1,3,1076,41,Eunomia
1,3,1077,41,Eunomia
1,3,1078,41,Eunomia
1,3,1079,41,Eunomia
1,3,1080,41,Eunomia
1,3,1081,41,Eunomia
1,3,1082,41,Eunomia
1,3,1083,41,Eunomia
1,3,1084,41,Eunomia
1,3,1085,41,Eunomia
1,3,1086,41,Eunomia
1,3,1087,41,Eunomia
1,3,1088,41,Eunomia
1,3,1089,41,Eunomia
1,3,1090,41,Eunomia
1,3,1091,41,Eunomia
1,3,1092,40,Eunomia
1,3,1093,40,Eunomia
1,3,1094,40,Eunomia
1,3,1095,40,Eunomia
1,3,1096,40,Eunomia
1,3,1097,40,Eunomia
1,3,1098,39,Eunomia
1,3,1099,38,Eunomia
1,3,1100,38,Eunomia
1,3,1101,38,Eunomia
1,3,1102,37,Eunomia
1,3,1103,37,Eunomia
1,3,1104,37,Eunomia
1,3,1105,37,Eunomia
1,3,1106,37,Eunomia
1,3,1107,37,Eunomia
1,3,1108,37,Eunomia
1,3,1109,37,Eunomia
1,3,1110,37,Eunomia
1,3,1111,37,Eunomia
1,3,1112,37,Eunomia
1,3,1113,36,Eunomia
1,3,1114,36,Eunomia
1,3,1115,36,Eunomia
1,3,1116,36,Eunomia
1,3,1117,36,Eunomia
1,3,1118,35,Eunomia
1,3,1119,35,Eunomia
1,3,1120,35,Eunomia
1,3,1121,35,Eunomia
1,3,1122,35,Eunomia
1,3,1123,35,Eunomia
1,3,1124,35,Eunomia
1,3,1125,35,Eunomia
1,3,1126,35,Eunomia
1,3,1127,34,Eunomia
1,3,1128,34,Eunomia
1,3,1129,33,Eunomia
1,3,1130,32,Eunomia
1,3,1131,32,Eunomia
1,3,1132,32,Eunomia
1,3,1133,32,Eunomia
1,3,1134,32,Eunomia
1,3,1135,30,Eunomia
1,3,1136,29,Eunomia
1,3,1137,28,Eunomia
1,3,1138,28,Eunomia
1,3,1139,28,Eunomia
1,3,1140,28,Eunomia
1,3,1141,28,Eunomia
1,3,1142,28,Eunomia
1,3,1143,27,Eunomia
1,3,1144,27,Eunomia
1,3,1145,27,Eunomia
1,3,1146,27,Eunomia
1,3,1147,27,Eunomia
1,3,1148,27,Eunomia
1,3,1149,27,Eunomia
1,3,1150,27,Eunomia
1,3,1151,27,Eunomia
1,3,1152,27,Eunomia
1,3,1153,27,Eunomia
1,3,1154,27,Eunomia
1,3,1155,27,Eunomia
1,3,1156,27,Eunomia
1,3,1157,27,Eunomia
1,3,1158,27,Eunomia
1,3,1159,26,Eunomia
1,3,1160,26,Eunomia
1,3,1161,26,Eunomia
1,3,1162,26,Eunomia
1,3,1163,26,Eunomia
1,3,1164,26,Eunomia
1,3,1165,25,Eunomia
1,3,1166,25,Eunomia
1,3,1167,25,Eunomia
1,3,1168,25,Eunomia
1,3,1169,25,Eunomia
1,3,1170,24,Eunomia
1,3,1171,24,Eunomia
1,3,1172,24,Eunomia
1,3,1173,24,Eunomia
1,3,1174,24,Eunomia
1,3,1175,24,Eunomia
1,3,1176,24,Eunomia
1,3,1177,24,Eunomia
1,3,1178,24,Eunomia
1,3,1179,24,Eunomia
1,3,1180,24,Eunomia
1,3,1181,24,Eunomia
1,3,1182,24,Eunomia
1,3,1183,24,Eunomia
1,3,1184,24,Eunomia
1,3,1185,24,Eunomia
1,3,1186,24,Eunomia
1,3,1187,24,Eunomia
1,3,1188,23,Eunomia
1,3,1189,22,Eunomia
1,3,1190,22,Eunomia
1,3,1191,22,Eunomia
1,3,1192,22,Eunomia
1,3,1193,22,Eunomia
1,3,1194,22,Eunomia
1,3,1195,22,Eunomia
1,3,1196,22,Eunomia
1,3,1197,22,Eunomia
1,3,1198,22,Eunomia
1,3,1199,22,Eunomia
1,3,1200,22,Eunomia
1,3,1201,22,Eunomia
1,3,1202,22,Eunomia
1,3,1203,22,Eunomia
1,3,1204,22,Eunomia
1,3,1205,21,Eunomia
1,3,1206,21,Eunomia
1,3,1207,21,Eunomia
1,3,1208,21,Eunomia
1,3,1209,21,Eunomia
1,3,1210,20,Eunomia
1,3,1211,20,Eunomia
1,3,1212,19,Eunomia
1,3,1213,19,Eunomia
1,3,1214,19,Eunomia
1,3,1215,19,Eunomia
1,3,1216,19,Eunomia
1,3,1217,19,Eunomia
1,3,1218,19,Eunomia
1,3,1219,19,Eunomia
1,3,1220,19,Eunomia
1,3,1221,19,Eunomia
1,3,1222,19,Eunomia
1,3,1223,19,Eunomia
1,3,1224,19,Eunomia
1,3,1225,19,Eunomia
1,3,1226,18,Eunomia
1,3,1227,18,Eunomia
1,3,1228,18,Eunomia
1,3,1229,18,Eunomia
1,3,1230,18,Eunomia
1,3,1231,17,Eunomia
1,3,1232,15,Eunomia
1,3,1233,15,Eunomia
1,3,1234,15,Eunomia
1,3,1235,15,Eunomia
1,3,1236,15,Eunomia
1,3,1237,15,Eunomia
1,3,1238,15,Eunomia
1,3,1239,15,Eunomia
1,3,1240,15,Eunomia
1,3,1241,15,Eunomia
1,3,1242,15,Eunomia
1,3,1243,15,Eunomia
1,3,1244,15,Eunomia
1,3,1245,15,Eunomia
1,3,1246,14,Eunomia
1,3,1247,14,Eunomia
1,3,1248,14,Eunomia
1,3,1249,14,Eunomia
1,3,1250,14,Eunomia
1,3,1251,13,Eunomia
1,3,1252,13,Eunomia
1,3,1253,13,Eunomia
1,3,1254,13,Eunomia
1,3,1255,13,Eunomia
1,3,1256,13,Eunomia
1,3,1257,13,Eunomia
1,3,1258,13,Eunomia
1,3,1259,12,Eunomia
1,3,1260,11,Eunomia
1,3,1261,11,Eunomia
1,3,1262,11,Eunomia
1,3,1263,11,Eunomia
1,3,1264,11,Eunomia
1,3,1265,10,Eunomia
1,3,1266,10,Eunomia
1,3,1267,10,Eunomia
1,3,1268,10,Eunomia
1,3,1269,9,Eunomia
1,3,1270,9,Eunomia
1,3,1271,9,Eunomia
1,3,1272,9,Eunomia
1,3,1273,9,Eunomia
1,3,1274,9,Eunomia
1,3,1275,9,Eunomia
1,3,1276,8,Eunomia
1,3,1277,7,Eunomia
1,3,1278,7,Eunomia
1,3,1279,7,Eunomia
1,3,1280,7,Eunomia
1,3,1281,7,Eunomia
1,3,1282,7,Eunomia
1,3,1283,7,Eunomia
1,3,1284,7,Eunomia
1,3,1285,7,Eunomia
1,3,1286,6,Eunomia
1,3,1287,6,Eunomia
1,3,1288,6,Eunomia
1,3,1289,6,Eunomia
1,3,1290,6,Eunomia
1,3,1291,-5,Eunomia
1,3,1292,-5,Eunomia
1,3,1293,-5,Eunomia
1,3,1294,-5,Eunomia
1,3,1295,-5,Eunomia
1,3,1296,-5,Eunomia
1,3,1297,-5,Eunomia
1,3,1298,-5,Eunomia
1,3,1299,-5,Eunomia
1,3,1300,-5,Eunomia
1,3,1301,-5,Eunomia
1,3,1302,-5,Eunomia
1,3,1303,-5,Eunomia
1,3,1304,-5,Eunomia
1,3,1305,-5,Eunomia
1,3,1306,-5,Eunomia
