analysis_id,exposures_outcome_set_id,covariate_id,time_stability_p,time_stability_diagnostic,event_exposure_lb,event_exposure_ub,event_exposure_diagnostic,event_observation_lb,event_observation_ub,event_observation_diagnostic,rare_outcome_prevalence,rare_outcome_diagnostic,mdrr,mdrr_diagnostic,ease,ease_diagnostic,unblind,unblind_for_evidence_synthesis,database_id
1,284001738,1000,1,PASS,NA,NA,NOT EVALUATED,NA,NA,NOT EVALUATED,0.08965000935803856,PASS,31.9711,FAIL,NA,NOT EVALUATED,FALSE,TRUE,Eunomia
1,-358070004,1000,1,PASS,NA,NA,NOT EVALUATED,NA,NA,NOT EVALUATED,0,PASS,Inf,FAIL,NA,NOT EVALUATED,FALSE,TRUE,Eunomia
2,284001738,1000,0.665583112401654,PASS,NA,NA,NOT EVALUATED,NA,NA,NOT EVALUATED,0.08965000935803856,PASS,19.4983,FAIL,NA,NOT EVALUATED,FALSE,TRUE,Eunomia
2,-358070004,1000,1,PASS,NA,NA,NOT EVALUATED,NA,NA,NOT EVALUATED,0,PASS,Inf,FAIL,NA,NOT EVALUATED,FALSE,TRUE,Eunomia
2,-1620551510,1000,8.654920450519532e-25,FAIL,NA,NA,NOT EVALUATED,NA,NA,NOT EVALUATED,0.49223282799925133,FAIL,Inf,FAIL,NA,NOT EVALUATED,FALSE,FALSE,Eunomia
