analysis_id,exposures_outcome_set_id,covariate_id,rr,ci_95_lb,ci_95_ub,p,one_sided_p,outcome_subjects,outcome_events,outcome_observation_periods,covariate_subjects,covariate_days,covariate_eras,covariate_outcomes,observed_days,log_rr,se_log_rr,llr,calibrated_rr,calibrated_ci_95_lb,calibrated_ci_95_ub,calibrated_p,calibrated_one_sided_p,calibrated_log_rr,calibrated_se_log_rr,database_id
1,1,1000,69.95236167027831,24.844746496823074,152.98767173592248,0,0,180,180,180,180,1440,180,5,3706053,4.247814462804293,0.46371031151089387,16.238105548143487,NA,NA,NA,NA,NA,NA,NA,Eunomia
1,3,1000,NA,NA,NA,NA,0,0,0,0,0,0,0,0,0,NA,NA,NA,NA,NA,NA,NA,NA,NA,NA,Eunomia
1,4,1000,NA,NA,NA,NA,0,0,0,0,0,0,0,0,0,NA,NA,NA,NA,NA,NA,NA,NA,NA,NA,Eunomia
2,1,1000,NA,NA,NA,NA,0,355,7,355,355,2840,355,7,66740,NA,NA,NA,NA,NA,NA,NA,NA,NA,NA,Eunomia
2,3,1000,NA,NA,NA,NA,0,0,0,0,0,0,0,0,0,NA,NA,NA,NA,NA,NA,NA,NA,NA,NA,Eunomia
2,4,1000,NA,NA,NA,NA,0,0,0,0,0,0,0,0,0,NA,NA,NA,NA,NA,NA,NA,NA,NA,NA,Eunomia
