analysis_id,exposures_outcome_set_id,covariate_id,rr,ci_95_lb,ci_95_ub,p,one_sided_p,outcome_subjects,outcome_events,outcome_observation_periods,covariate_subjects,covariate_days,covariate_eras,covariate_outcomes,observed_days,log_rr,se_log_rr,llr,calibrated_rr,calibrated_ci_95_lb,calibrated_ci_95_ub,calibrated_p,calibrated_one_sided_p,calibrated_log_rr,calibrated_se_log_rr,database_id
1,284001738,1000,62.41071752016089,NA,NA,NA,NA,237,237,237,180,1440,180,5,4859652,4.133737015757942,NA,15.516084848760471,NA,NA,NA,NA,NA,NA,NA,Eunomia
1,-358070004,1000,NA,NA,NA,NA,NA,0,0,0,0,0,0,0,0,NA,NA,NA,NA,NA,NA,NA,NA,NA,NA,Eunomia
2,284001738,1000,NA,NA,NA,NA,NA,355,7,355,355,2840,355,7,66740,NA,NA,NA,NA,NA,NA,NA,NA,NA,NA,Eunomia
2,-358070004,1000,NA,NA,NA,NA,NA,0,0,0,0,0,0,0,0,NA,NA,NA,NA,NA,NA,NA,NA,NA,NA,Eunomia
1,-1620551510,1000,NA,NA,NA,NA,NA,1289,1289,1289,0,0,0,0,27784055,NA,NA,NA,NA,NA,NA,NA,NA,NA,NA,Eunomia
2,-1620551510,1000,NA,NA,NA,NA,NA,0,0,0,0,0,0,0,0,NA,NA,NA,NA,NA,NA,NA,NA,NA,NA,Eunomia
