exposures_outcome_set_id,analysis_id,covariate_id,ease,mdrr,time_trend_p,pre_exposure_p,database_id,ease_diagnostic,mdrr_diagnostic,time_trend_diagnostic,pre_exposure_diagnostic,unblind
1,1,1000,NA,31.9711,2.62444552526526e-15,1,Eunomia,NOT EVALUATED,FAIL,FAIL,PASS,0
1,2,1000,NA,19.4983,2.5381774665307626e-6,1,Eunomia,NOT EVALUATED,FAIL,FAIL,PASS,0
3,1,1000,NA,Inf,0.01743766954833534,NA,Eunomia,NOT EVALUATED,FAIL,FAIL,NOT EVALUATED,0
3,2,1000,NA,Inf,0,NA,Eunomia,NOT EVALUATED,FAIL,FAIL,NOT EVALUATED,0
4,1,1000,NA,Inf,1,NA,Eunomia,NOT EVALUATED,FAIL,PASS,NOT EVALUATED,0
4,2,1000,NA,Inf,1,NA,Eunomia,NOT EVALUATED,FAIL,PASS,NOT EVALUATED,0
