analysis_id,exposures_outcome_set_id,covariate_analysis_id,covariate_id,covariate_name,era_id,database_id
1,284001738,NA,99,End of observation period,0,Eunomia
1,284001738,1,1000,Exposure of interest,1,Eunomia
1,284001738,2,1001,Exposure of interest 2,2,Eunomia
1,284001738,3,1002,Pre-exposure,0,Eunomia
2,284001738,1,1000,Exposure of interest,1,Eunomia
1,-1620551510,NA,99,End of observation period,0,Eunomia
1,-1620551510,1,1000,Exposure of interest,999,Eunomia
1,-1620551510,2,1001,Exposure of interest 2,-1,Eunomia
1,-1620551510,3,1002,Pre-exposure,0,Eunomia
2,-1620551510,1,1000,Exposure of interest,999,Eunomia
