analysis_id,exposures_outcome_set_id,months_to_end,censored,outcomes,database_id
1,1,0,1,5,Eunomia
1,1,1,1,-5,Eunomia
1,1,3,1,-5,Eunomia
1,1,4,1,-5,Eunomia
1,1,6,1,-5,Eunomia
1,1,7,1,-5,Eunomia
1,1,10,1,-5,Eunomia
1,1,12,1,-5,Eunomia
1,1,18,1,-5,Eunomia
1,1,24,1,-5,Eunomia
1,1,26,1,-5,Eunomia
1,1,27,1,-5,Eunomia
1,1,28,1,-5,Eunomia
1,1,36,1,-5,Eunomia
1,1,37,1,-5,Eunomia
1,1,38,1,-5,Eunomia
1,1,41,1,-5,Eunomia
1,1,44,1,-5,Eunomia
1,1,45,1,-5,Eunomia
1,1,46,1,-5,Eunomia
1,1,49,1,-5,Eunomia
1,1,53,1,-5,Eunomia
1,1,57,1,-5,Eunomia
1,1,58,1,-5,Eunomia
1,1,60,1,-5,Eunomia
1,1,61,1,-5,Eunomia
1,1,62,1,-5,Eunomia
1,1,68,1,-5,Eunomia
1,1,70,1,-5,Eunomia
1,1,71,1,-5,Eunomia
1,1,72,1,-5,Eunomia
1,1,75,1,-5,Eunomia
1,1,78,1,-5,Eunomia
1,1,80,1,-5,Eunomia
1,1,81,1,-5,Eunomia
1,1,84,1,-5,Eunomia
1,1,85,1,-5,Eunomia
1,1,88,1,-5,Eunomia
1,1,89,1,-5,Eunomia
1,1,94,1,-5,Eunomia
1,1,98,1,-5,Eunomia
1,1,99,1,-5,Eunomia
1,1,102,1,-5,Eunomia
1,1,103,1,-5,Eunomia
1,1,105,1,-5,Eunomia
1,1,106,1,-5,Eunomia
1,1,108,1,-5,Eunomia
1,1,110,1,-5,Eunomia
1,1,111,1,-5,Eunomia
1,1,112,1,-5,Eunomia
1,1,115,1,-5,Eunomia
1,1,120,1,-5,Eunomia
1,1,121,1,-5,Eunomia
1,1,122,1,-5,Eunomia
1,1,125,1,-5,Eunomia
1,1,129,1,-5,Eunomia
1,1,132,1,-5,Eunomia
1,1,135,1,-5,Eunomia
1,1,137,1,-5,Eunomia
1,1,139,1,-5,Eunomia
1,1,142,1,-5,Eunomia
1,1,143,1,-5,Eunomia
1,1,144,1,-5,Eunomia
1,1,145,1,-5,Eunomia
1,1,151,1,-5,Eunomia
1,1,155,1,-5,Eunomia
1,1,159,1,-5,Eunomia
1,1,160,1,-5,Eunomia
1,1,162,1,-5,Eunomia
1,1,166,1,-5,Eunomia
1,1,167,1,-5,Eunomia
1,1,169,1,-5,Eunomia
1,1,170,1,-5,Eunomia
1,1,171,1,-5,Eunomia
1,1,172,1,-5,Eunomia
1,1,175,1,-5,Eunomia
1,1,176,1,-5,Eunomia
1,1,177,1,-5,Eunomia
1,1,180,1,-5,Eunomia
1,1,181,1,-5,Eunomia
1,1,186,1,-5,Eunomia
1,1,189,1,-5,Eunomia
1,1,192,1,-5,Eunomia
1,1,193,1,-5,Eunomia
1,1,194,1,-5,Eunomia
1,1,195,1,-5,Eunomia
1,1,197,1,-5,Eunomia
1,1,199,1,-5,Eunomia
1,1,201,1,-5,Eunomia
1,1,202,1,-5,Eunomia
1,1,206,1,-5,Eunomia
1,1,208,1,-5,Eunomia
1,1,209,1,-5,Eunomia
1,1,210,1,-5,Eunomia
1,1,211,1,-5,Eunomia
1,1,212,1,-5,Eunomia
1,1,213,1,-5,Eunomia
1,1,215,1,-5,Eunomia
1,1,216,1,-5,Eunomia
1,1,217,1,-5,Eunomia
1,1,222,1,-5,Eunomia
1,1,223,1,-5,Eunomia
1,1,224,1,-5,Eunomia
1,1,225,1,-5,Eunomia
1,1,227,1,-5,Eunomia
1,1,231,1,-5,Eunomia
1,1,232,1,-5,Eunomia
1,1,234,1,-5,Eunomia
1,1,239,1,-5,Eunomia
1,1,242,1,-5,Eunomia
1,1,244,1,-5,Eunomia
1,1,251,1,-5,Eunomia
1,1,253,1,-5,Eunomia
1,1,258,1,-5,Eunomia
1,1,259,1,-5,Eunomia
1,1,261,1,-5,Eunomia
1,1,262,1,-5,Eunomia
1,1,263,1,-5,Eunomia
1,1,264,1,-5,Eunomia
1,1,268,1,-5,Eunomia
1,1,271,1,-5,Eunomia
1,1,273,1,-5,Eunomia
1,1,277,1,-5,Eunomia
1,1,280,1,-5,Eunomia
1,1,281,1,-5,Eunomia
1,1,283,1,-5,Eunomia
1,1,285,1,-5,Eunomia
1,1,287,1,-5,Eunomia
1,1,290,1,-5,Eunomia
1,1,292,1,-5,Eunomia
1,1,303,1,-5,Eunomia
1,1,304,1,-5,Eunomia
1,1,313,1,-5,Eunomia
1,1,315,1,-5,Eunomia
1,1,316,1,-5,Eunomia
1,1,318,1,-5,Eunomia
1,1,328,1,-5,Eunomia
1,1,330,1,-5,Eunomia
1,1,333,1,-5,Eunomia
1,1,335,1,-5,Eunomia
1,1,336,1,-5,Eunomia
1,1,339,1,-5,Eunomia
1,1,343,1,-5,Eunomia
1,1,344,1,-5,Eunomia
1,1,353,1,-5,Eunomia
1,1,356,1,-5,Eunomia
1,1,361,1,-5,Eunomia
1,1,369,1,-5,Eunomia
1,1,374,1,-5,Eunomia
1,1,389,1,-5,Eunomia
1,1,398,1,-5,Eunomia
1,1,399,1,-5,Eunomia
1,1,403,1,-5,Eunomia
1,1,404,1,-5,Eunomia
1,1,406,1,-5,Eunomia
1,1,407,1,-5,Eunomia
1,1,408,1,-5,Eunomia
1,1,410,1,-5,Eunomia
1,1,419,1,-5,Eunomia
1,1,420,1,-5,Eunomia
1,1,435,1,-5,Eunomia
1,1,439,1,-5,Eunomia
1,1,441,1,-5,Eunomia
1,1,446,1,-5,Eunomia
1,1,449,1,-5,Eunomia
1,1,456,1,-5,Eunomia
1,1,459,1,-5,Eunomia
1,1,461,1,-5,Eunomia
1,1,464,1,-5,Eunomia
1,1,468,1,-5,Eunomia
1,1,469,1,-5,Eunomia
1,1,472,1,-5,Eunomia
1,1,478,1,-5,Eunomia
1,1,486,1,-5,Eunomia
1,1,491,1,-5,Eunomia
1,1,515,1,-5,Eunomia
1,1,519,1,-5,Eunomia
1,1,522,1,-5,Eunomia
1,1,529,1,-5,Eunomia
1,1,532,1,-5,Eunomia
1,1,542,1,-5,Eunomia
1,1,545,1,-5,Eunomia
1,1,569,1,-5,Eunomia
1,1,581,1,-5,Eunomia
1,1,604,1,-5,Eunomia
1,1,667,1,-5,Eunomia
1,1,727,1,-5,Eunomia
1,1,822,1,-5,Eunomia
1,1,846,1,-5,Eunomia
1,1,896,1,-5,Eunomia
1,3,0,1,-5,Eunomia
1,3,1,1,-5,Eunomia
1,3,2,1,7,Eunomia
1,3,4,1,-5,Eunomia
1,3,5,1,-5,Eunomia
1,3,6,1,-5,Eunomia
1,3,7,1,-5,Eunomia
1,3,8,1,-5,Eunomia
1,3,9,1,-5,Eunomia
1,3,10,1,8,Eunomia
1,3,11,1,-5,Eunomia
1,3,12,1,-5,Eunomia
1,3,13,1,-5,Eunomia
1,3,14,1,-5,Eunomia
1,3,17,1,-5,Eunomia
1,3,18,1,-5,Eunomia
1,3,19,1,-5,Eunomia
1,3,20,1,-5,Eunomia
1,3,22,1,-5,Eunomia
1,3,23,1,-5,Eunomia
1,3,24,1,-5,Eunomia
1,3,25,1,-5,Eunomia
1,3,26,1,-5,Eunomia
1,3,27,1,-5,Eunomia
1,3,28,1,-5,Eunomia
1,3,29,1,-5,Eunomia
1,3,30,1,6,Eunomia
1,3,32,1,-5,Eunomia
1,3,33,1,-5,Eunomia
1,3,34,1,-5,Eunomia
1,3,35,1,-5,Eunomia
1,3,36,1,6,Eunomia
1,3,37,1,5,Eunomia
1,3,38,1,-5,Eunomia
1,3,39,1,-5,Eunomia
1,3,40,1,-5,Eunomia
1,3,41,1,-5,Eunomia
1,3,42,1,-5,Eunomia
1,3,43,1,-5,Eunomia
1,3,44,1,-5,Eunomia
1,3,45,1,-5,Eunomia
1,3,46,1,-5,Eunomia
1,3,47,1,6,Eunomia
1,3,48,1,-5,Eunomia
1,3,49,1,-5,Eunomia
1,3,50,1,-5,Eunomia
1,3,51,1,-5,Eunomia
1,3,52,1,-5,Eunomia
1,3,53,1,-5,Eunomia
1,3,54,1,-5,Eunomia
1,3,56,1,-5,Eunomia
1,3,57,1,-5,Eunomia
1,3,58,1,5,Eunomia
1,3,59,1,-5,Eunomia
1,3,60,1,5,Eunomia
1,3,61,1,-5,Eunomia
1,3,62,1,-5,Eunomia
1,3,63,1,-5,Eunomia
1,3,64,1,-5,Eunomia
1,3,65,1,-5,Eunomia
1,3,66,1,-5,Eunomia
1,3,67,1,-5,Eunomia
1,3,68,1,-5,Eunomia
1,3,70,1,-5,Eunomia
1,3,71,1,-5,Eunomia
1,3,72,1,-5,Eunomia
1,3,73,1,6,Eunomia
1,3,74,1,6,Eunomia
1,3,75,1,-5,Eunomia
1,3,76,1,-5,Eunomia
1,3,77,1,-5,Eunomia
1,3,78,1,-5,Eunomia
1,3,79,1,-5,Eunomia
1,3,80,1,-5,Eunomia
1,3,81,1,-5,Eunomia
1,3,82,1,-5,Eunomia
1,3,83,1,-5,Eunomia
1,3,85,1,-5,Eunomia
1,3,86,1,-5,Eunomia
1,3,87,1,5,Eunomia
1,3,88,1,5,Eunomia
1,3,89,1,-5,Eunomia
1,3,90,1,-5,Eunomia
1,3,91,1,-5,Eunomia
1,3,92,1,-5,Eunomia
1,3,93,1,-5,Eunomia
1,3,94,1,-5,Eunomia
1,3,95,1,-5,Eunomia
1,3,96,1,-5,Eunomia
1,3,97,1,-5,Eunomia
1,3,99,1,-5,Eunomia
1,3,100,1,-5,Eunomia
1,3,101,1,7,Eunomia
1,3,102,1,-5,Eunomia
1,3,103,1,-5,Eunomia
1,3,104,1,-5,Eunomia
1,3,105,1,-5,Eunomia
1,3,106,1,-5,Eunomia
1,3,107,1,-5,Eunomia
1,3,108,1,-5,Eunomia
1,3,109,1,-5,Eunomia
1,3,110,1,-5,Eunomia
1,3,111,1,6,Eunomia
1,3,112,1,-5,Eunomia
1,3,113,1,-5,Eunomia
1,3,114,1,-5,Eunomia
1,3,115,1,-5,Eunomia
1,3,116,1,-5,Eunomia
1,3,117,1,-5,Eunomia
1,3,118,1,5,Eunomia
1,3,119,1,-5,Eunomia
1,3,121,1,-5,Eunomia
1,3,122,1,-5,Eunomia
1,3,123,1,-5,Eunomia
1,3,124,1,-5,Eunomia
1,3,125,1,-5,Eunomia
1,3,126,1,-5,Eunomia
1,3,127,1,-5,Eunomia
1,3,128,1,-5,Eunomia
1,3,129,1,5,Eunomia
1,3,130,1,-5,Eunomia
1,3,131,1,-5,Eunomia
1,3,132,1,-5,Eunomia
1,3,133,1,-5,Eunomia
1,3,135,1,-5,Eunomia
1,3,136,1,-5,Eunomia
1,3,137,1,-5,Eunomia
1,3,138,1,5,Eunomia
1,3,139,1,5,Eunomia
1,3,140,1,5,Eunomia
1,3,141,1,-5,Eunomia
1,3,142,1,-5,Eunomia
1,3,143,1,-5,Eunomia
1,3,145,1,7,Eunomia
1,3,146,1,-5,Eunomia
1,3,147,1,-5,Eunomia
1,3,148,1,5,Eunomia
1,3,149,1,5,Eunomia
1,3,150,1,5,Eunomia
1,3,151,1,-5,Eunomia
1,3,152,1,-5,Eunomia
1,3,153,1,5,Eunomia
1,3,155,1,-5,Eunomia
1,3,156,1,-5,Eunomia
1,3,157,1,-5,Eunomia
1,3,158,1,-5,Eunomia
1,3,159,1,-5,Eunomia
1,3,160,1,-5,Eunomia
1,3,161,1,6,Eunomia
1,3,162,1,-5,Eunomia
1,3,163,1,6,Eunomia
1,3,164,1,-5,Eunomia
1,3,165,1,-5,Eunomia
1,3,166,1,5,Eunomia
1,3,167,1,-5,Eunomia
1,3,168,1,5,Eunomia
1,3,169,1,-5,Eunomia
1,3,170,1,-5,Eunomia
1,3,171,1,-5,Eunomia
1,3,172,1,-5,Eunomia
1,3,173,1,-5,Eunomia
1,3,174,1,-5,Eunomia
1,3,175,1,-5,Eunomia
1,3,176,1,-5,Eunomia
1,3,177,1,-5,Eunomia
1,3,178,1,-5,Eunomia
1,3,179,1,-5,Eunomia
1,3,180,1,-5,Eunomia
1,3,181,1,5,Eunomia
1,3,182,1,-5,Eunomia
1,3,183,1,-5,Eunomia
1,3,184,1,-5,Eunomia
1,3,186,1,-5,Eunomia
1,3,187,1,-5,Eunomia
1,3,188,1,-5,Eunomia
1,3,189,1,-5,Eunomia
1,3,190,1,6,Eunomia
1,3,191,1,-5,Eunomia
1,3,192,1,-5,Eunomia
1,3,193,1,-5,Eunomia
1,3,194,1,-5,Eunomia
1,3,195,1,5,Eunomia
1,3,197,1,6,Eunomia
1,3,198,1,5,Eunomia
1,3,199,1,6,Eunomia
1,3,200,1,-5,Eunomia
1,3,201,1,-5,Eunomia
1,3,202,1,-5,Eunomia
1,3,203,1,-5,Eunomia
1,3,204,1,-5,Eunomia
1,3,205,1,-5,Eunomia
1,3,206,1,-5,Eunomia
1,3,207,1,-5,Eunomia
1,3,208,1,6,Eunomia
1,3,209,1,-5,Eunomia
1,3,210,1,-5,Eunomia
1,3,211,1,7,Eunomia
1,3,212,1,-5,Eunomia
1,3,213,1,-5,Eunomia
1,3,214,1,-5,Eunomia
1,3,215,1,-5,Eunomia
1,3,216,1,5,Eunomia
1,3,217,1,-5,Eunomia
1,3,219,1,6,Eunomia
1,3,220,1,-5,Eunomia
1,3,221,1,-5,Eunomia
1,3,222,1,-5,Eunomia
1,3,223,1,-5,Eunomia
1,3,224,1,8,Eunomia
1,3,225,1,-5,Eunomia
1,3,226,1,-5,Eunomia
1,3,227,1,-5,Eunomia
1,3,228,1,-5,Eunomia
1,3,229,1,5,Eunomia
1,3,230,1,-5,Eunomia
1,3,231,1,-5,Eunomia
1,3,232,1,-5,Eunomia
1,3,233,1,-5,Eunomia
1,3,234,1,5,Eunomia
1,3,235,1,-5,Eunomia
1,3,236,1,-5,Eunomia
1,3,237,1,-5,Eunomia
1,3,238,1,-5,Eunomia
1,3,239,1,-5,Eunomia
1,3,240,1,-5,Eunomia
1,3,241,1,-5,Eunomia
1,3,242,1,-5,Eunomia
1,3,243,1,-5,Eunomia
1,3,244,1,-5,Eunomia
1,3,246,1,-5,Eunomia
1,3,247,1,-5,Eunomia
1,3,248,1,-5,Eunomia
1,3,249,1,-5,Eunomia
1,3,250,1,-5,Eunomia
1,3,251,1,-5,Eunomia
1,3,252,1,-5,Eunomia
1,3,253,1,-5,Eunomia
1,3,254,1,-5,Eunomia
1,3,255,1,8,Eunomia
1,3,256,1,-5,Eunomia
1,3,257,1,-5,Eunomia
1,3,258,1,-5,Eunomia
1,3,259,1,5,Eunomia
1,3,260,1,-5,Eunomia
1,3,261,1,-5,Eunomia
1,3,262,1,-5,Eunomia
1,3,263,1,-5,Eunomia
1,3,264,1,6,Eunomia
1,3,265,1,-5,Eunomia
1,3,267,1,-5,Eunomia
1,3,268,1,-5,Eunomia
1,3,270,1,-5,Eunomia
1,3,271,1,-5,Eunomia
1,3,272,1,5,Eunomia
1,3,273,1,-5,Eunomia
1,3,274,1,-5,Eunomia
1,3,275,1,-5,Eunomia
1,3,276,1,-5,Eunomia
1,3,277,1,5,Eunomia
1,3,278,1,5,Eunomia
1,3,279,1,-5,Eunomia
1,3,280,1,-5,Eunomia
1,3,281,1,6,Eunomia
1,3,282,1,6,Eunomia
1,3,283,1,-5,Eunomia
1,3,284,1,-5,Eunomia
1,3,285,1,-5,Eunomia
1,3,286,1,7,Eunomia
1,3,287,1,-5,Eunomia
1,3,288,1,-5,Eunomia
1,3,289,1,-5,Eunomia
1,3,290,1,-5,Eunomia
1,3,291,1,-5,Eunomia
1,3,292,1,-5,Eunomia
1,3,293,1,-5,Eunomia
1,3,294,1,-5,Eunomia
1,3,295,1,-5,Eunomia
1,3,296,1,-5,Eunomia
1,3,297,1,-5,Eunomia
1,3,298,1,-5,Eunomia
1,3,299,1,-5,Eunomia
1,3,300,1,-5,Eunomia
1,3,301,1,-5,Eunomia
1,3,302,1,-5,Eunomia
1,3,303,1,-5,Eunomia
1,3,304,1,-5,Eunomia
1,3,305,1,-5,Eunomia
1,3,306,1,-5,Eunomia
1,3,307,1,-5,Eunomia
1,3,310,1,-5,Eunomia
1,3,311,1,-5,Eunomia
1,3,312,1,-5,Eunomia
1,3,314,1,-5,Eunomia
1,3,316,1,-5,Eunomia
1,3,317,1,-5,Eunomia
1,3,318,1,5,Eunomia
1,3,319,1,-5,Eunomia
1,3,320,1,-5,Eunomia
1,3,321,1,-5,Eunomia
1,3,322,1,-5,Eunomia
1,3,323,1,-5,Eunomia
1,3,324,1,-5,Eunomia
1,3,325,0,-5,Eunomia
1,3,326,1,-5,Eunomia
1,3,327,1,-5,Eunomia
1,3,328,1,-5,Eunomia
1,3,329,1,-5,Eunomia
1,3,330,1,-5,Eunomia
1,3,331,1,-5,Eunomia
1,3,332,1,-5,Eunomia
1,3,333,1,-5,Eunomia
1,3,334,1,-5,Eunomia
1,3,335,1,-5,Eunomia
1,3,336,1,-5,Eunomia
1,3,337,1,-5,Eunomia
1,3,338,1,-5,Eunomia
1,3,339,1,-5,Eunomia
1,3,340,1,-5,Eunomia
1,3,341,1,-5,Eunomia
1,3,342,1,-5,Eunomia
1,3,343,1,-5,Eunomia
1,3,344,1,-5,Eunomia
1,3,345,1,-5,Eunomia
1,3,346,1,-5,Eunomia
1,3,347,1,-5,Eunomia
1,3,348,1,-5,Eunomia
1,3,349,1,-5,Eunomia
1,3,351,1,-5,Eunomia
1,3,352,1,-5,Eunomia
1,3,353,1,-5,Eunomia
1,3,354,1,5,Eunomia
1,3,355,1,-5,Eunomia
1,3,356,1,5,Eunomia
1,3,357,1,-5,Eunomia
1,3,358,1,-5,Eunomia
1,3,359,1,-5,Eunomia
1,3,360,1,-5,Eunomia
1,3,361,1,-5,Eunomia
1,3,362,1,8,Eunomia
1,3,363,1,-5,Eunomia
1,3,365,1,-5,Eunomia
1,3,366,1,-5,Eunomia
1,3,368,1,6,Eunomia
1,3,369,1,-5,Eunomia
1,3,370,1,-5,Eunomia
1,3,371,1,-5,Eunomia
1,3,373,1,-5,Eunomia
1,3,374,1,-5,Eunomia
1,3,375,1,-5,Eunomia
1,3,376,1,-5,Eunomia
1,3,377,1,-5,Eunomia
1,3,378,1,-5,Eunomia
1,3,379,1,-5,Eunomia
1,3,380,1,-5,Eunomia
1,3,381,1,-5,Eunomia
1,3,382,1,-5,Eunomia
1,3,384,1,-5,Eunomia
1,3,386,1,-5,Eunomia
1,3,388,1,-5,Eunomia
1,3,389,1,-5,Eunomia
1,3,390,1,-5,Eunomia
1,3,391,1,-5,Eunomia
1,3,392,1,-5,Eunomia
1,3,393,1,-5,Eunomia
1,3,394,1,-5,Eunomia
1,3,395,1,-5,Eunomia
1,3,396,1,-5,Eunomia
1,3,397,1,-5,Eunomia
1,3,398,1,-5,Eunomia
1,3,399,1,-5,Eunomia
1,3,400,1,-5,Eunomia
1,3,402,1,-5,Eunomia
1,3,403,1,-5,Eunomia
1,3,404,1,-5,Eunomia
1,3,405,1,-5,Eunomia
1,3,407,1,-5,Eunomia
1,3,408,1,-5,Eunomia
1,3,409,1,-5,Eunomia
1,3,410,1,-5,Eunomia
1,3,411,1,-5,Eunomia
1,3,412,1,-5,Eunomia
1,3,413,1,-5,Eunomia
1,3,414,1,-5,Eunomia
1,3,416,1,-5,Eunomia
1,3,417,1,-5,Eunomia
1,3,418,1,-5,Eunomia
1,3,419,1,-5,Eunomia
1,3,420,1,-5,Eunomia
1,3,421,1,-5,Eunomia
1,3,422,1,-5,Eunomia
1,3,423,1,-5,Eunomia
1,3,425,1,-5,Eunomia
1,3,428,1,-5,Eunomia
1,3,429,1,-5,Eunomia
1,3,430,1,-5,Eunomia
1,3,431,1,-5,Eunomia
1,3,432,1,-5,Eunomia
1,3,433,1,-5,Eunomia
1,3,434,1,-5,Eunomia
1,3,436,1,-5,Eunomia
1,3,438,1,-5,Eunomia
1,3,440,1,-5,Eunomia
1,3,441,1,-5,Eunomia
1,3,442,1,-5,Eunomia
1,3,443,1,-5,Eunomia
1,3,445,1,-5,Eunomia
1,3,446,1,-5,Eunomia
1,3,448,1,-5,Eunomia
1,3,449,1,-5,Eunomia
1,3,450,1,-5,Eunomia
1,3,451,1,-5,Eunomia
1,3,452,1,-5,Eunomia
1,3,454,1,-5,Eunomia
1,3,456,1,-5,Eunomia
1,3,458,1,-5,Eunomia
1,3,459,1,-5,Eunomia
1,3,460,1,-5,Eunomia
1,3,461,1,-5,Eunomia
1,3,462,1,-5,Eunomia
1,3,463,1,-5,Eunomia
1,3,464,1,-5,Eunomia
1,3,465,1,-5,Eunomia
1,3,466,1,-5,Eunomia
1,3,467,1,-5,Eunomia
1,3,468,1,-5,Eunomia
1,3,469,1,-5,Eunomia
1,3,470,1,-5,Eunomia
1,3,472,1,-5,Eunomia
1,3,473,1,-5,Eunomia
1,3,474,1,-5,Eunomia
1,3,475,1,-5,Eunomia
1,3,476,1,-5,Eunomia
1,3,479,1,-5,Eunomia
1,3,480,1,-5,Eunomia
1,3,481,1,-5,Eunomia
1,3,484,1,-5,Eunomia
1,3,485,1,-5,Eunomia
1,3,486,1,-5,Eunomia
1,3,488,1,-5,Eunomia
1,3,489,1,-5,Eunomia
1,3,490,1,-5,Eunomia
1,3,492,1,-5,Eunomia
1,3,494,1,-5,Eunomia
1,3,495,1,-5,Eunomia
1,3,496,1,-5,Eunomia
1,3,497,1,-5,Eunomia
1,3,498,1,-5,Eunomia
1,3,504,1,-5,Eunomia
1,3,506,1,-5,Eunomia
1,3,508,1,-5,Eunomia
1,3,509,1,-5,Eunomia
1,3,512,1,-5,Eunomia
1,3,515,1,-5,Eunomia
1,3,516,1,-5,Eunomia
1,3,518,1,-5,Eunomia
1,3,519,1,-5,Eunomia
1,3,520,1,-5,Eunomia
1,3,521,1,-5,Eunomia
1,3,524,1,-5,Eunomia
1,3,525,1,-5,Eunomia
1,3,528,1,-5,Eunomia
1,3,529,1,-5,Eunomia
1,3,530,1,-5,Eunomia
1,3,531,1,-5,Eunomia
1,3,534,1,-5,Eunomia
1,3,536,1,-5,Eunomia
1,3,539,1,-5,Eunomia
1,3,540,1,-5,Eunomia
1,3,543,1,-5,Eunomia
1,3,545,1,-5,Eunomia
1,3,546,1,-5,Eunomia
1,3,549,1,-5,Eunomia
1,3,553,1,-5,Eunomia
1,3,557,1,-5,Eunomia
1,3,559,1,-5,Eunomia
1,3,561,1,-5,Eunomia
1,3,562,1,-5,Eunomia
1,3,564,1,-5,Eunomia
1,3,569,1,-5,Eunomia
1,3,571,1,-5,Eunomia
1,3,572,1,-5,Eunomia
1,3,574,1,-5,Eunomia
1,3,579,1,-5,Eunomia
1,3,580,1,-5,Eunomia
1,3,581,1,-5,Eunomia
1,3,585,1,-5,Eunomia
1,3,586,1,-5,Eunomia
1,3,596,1,-5,Eunomia
1,3,606,1,-5,Eunomia
1,3,609,1,-5,Eunomia
1,3,615,1,-5,Eunomia
1,3,620,1,-5,Eunomia
1,3,622,1,-5,Eunomia
1,3,628,1,-5,Eunomia
1,3,630,1,-5,Eunomia
1,3,631,1,-5,Eunomia
1,3,633,1,-5,Eunomia
1,3,637,1,-5,Eunomia
1,3,649,1,-5,Eunomia
1,3,651,1,-5,Eunomia
1,3,659,1,-5,Eunomia
1,3,664,1,-5,Eunomia
1,3,666,1,-5,Eunomia
1,3,669,1,-5,Eunomia
1,3,678,1,-5,Eunomia
1,3,687,1,-5,Eunomia
1,3,688,1,-5,Eunomia
1,3,693,1,-5,Eunomia
1,3,711,1,-5,Eunomia
1,3,718,1,-5,Eunomia
1,3,723,1,-5,Eunomia
1,3,729,1,-5,Eunomia
1,3,735,1,-5,Eunomia
1,3,736,1,-5,Eunomia
1,3,750,1,-5,Eunomia
1,3,769,1,-5,Eunomia
1,3,778,1,-5,Eunomia
1,3,788,1,-5,Eunomia
1,3,793,1,-5,Eunomia
1,3,801,1,-5,Eunomia
1,3,804,1,-5,Eunomia
1,3,821,1,-5,Eunomia
1,3,824,1,-5,Eunomia
1,3,825,1,-5,Eunomia
1,3,827,1,-5,Eunomia
1,3,848,1,-5,Eunomia
1,3,850,1,-5,Eunomia
1,3,853,1,-5,Eunomia
1,3,862,1,-5,Eunomia
1,3,875,1,-5,Eunomia
1,3,898,1,-5,Eunomia
1,3,904,1,-5,Eunomia
