analysis_id,exposures_outcome_set_id,outcome_subjects,outcome_events,outcome_observation_periods,observed_days,description,sequence_number,database_id,covariate_id
1,1,479,479,479,10352430,All outcome occurrences,1,Eunomia,1000
1,1,479,479,479,10266210,Requiring 180 days naive period,2,Eunomia,1000
1,1,237,237,237,5002336,Restricting gender to concept(s) 8507,3,Eunomia,1000
1,1,237,237,237,4859652,Restricting to time when Exposure cohort 1 was observed,4,Eunomia,1000
1,1,180,180,180,3706053,Having at least one covariate,5,Eunomia,1000
1,1,180,180,180,3842247,Having the covariate of interest,6,Eunomia,1000
1,3,2630,2630,2630,57317518,All outcome occurrences,1,Eunomia,1000
1,3,2630,2630,2630,56844118,Requiring 180 days naive period,2,Eunomia,1000
1,3,1289,1289,1289,27784055,Restricting gender to concept(s) 8507,3,Eunomia,1000
1,3,0,0,0,0,Having at least one covariate,4,Eunomia,1000
1,3,0,0,0,0,Having the covariate of interest,5,Eunomia,1000
1,4,0,0,0,0,All outcome occurrences,1,Eunomia,1000
1,4,0,0,0,0,Having the covariate of interest,2,Eunomia,1000
