analysis_id,exposures_outcome_set_id,database_id,era_id,week,outcomes,observed_subjects
1,1,Eunomia,1,-26,0,180
1,1,Eunomia,1,-25,0,180
1,1,Eunomia,1,-24,0,180
1,1,Eunomia,1,-23,0,180
1,1,Eunomia,1,-22,0,180
1,1,Eunomia,1,-21,0,180
1,1,Eunomia,1,-20,0,180
1,1,Eunomia,1,-19,0,180
1,1,Eunomia,1,-18,0,180
1,1,Eunomia,1,-17,0,180
1,1,Eunomia,1,-16,0,180
1,1,Eunomia,1,-15,0,180
1,1,Eunomia,1,-14,0,180
1,1,Eunomia,1,-13,0,180
1,1,Eunomia,1,-12,0,180
1,1,Eunomia,1,-11,0,180
1,1,Eunomia,1,-10,0,180
1,1,Eunomia,1,-9,0,180
1,1,Eunomia,1,-8,0,180
1,1,Eunomia,1,-7,0,180
1,1,Eunomia,1,-6,0,180
1,1,Eunomia,1,-5,0,180
1,1,Eunomia,1,-4,0,180
1,1,Eunomia,1,-3,0,180
1,1,Eunomia,1,-2,0,180
1,1,Eunomia,1,-1,0,180
1,1,Eunomia,1,0,-5,180
1,1,Eunomia,1,1,9,180
1,1,Eunomia,1,2,19,179
1,1,Eunomia,1,3,12,179
1,1,Eunomia,1,4,12,178
1,1,Eunomia,1,5,12,178
1,1,Eunomia,1,6,16,178
1,1,Eunomia,1,7,14,178
1,1,Eunomia,1,8,16,178
1,1,Eunomia,1,9,17,178
1,1,Eunomia,1,10,14,176
1,1,Eunomia,1,11,21,176
1,1,Eunomia,1,12,15,176
1,1,Eunomia,1,13,0,176
1,1,Eunomia,1,14,0,176
1,1,Eunomia,1,15,0,176
1,1,Eunomia,1,16,0,176
1,1,Eunomia,1,17,0,176
1,1,Eunomia,1,18,0,176
1,1,Eunomia,1,19,0,175
1,1,Eunomia,1,20,0,174
1,1,Eunomia,1,21,0,174
1,1,Eunomia,1,22,0,174
1,1,Eunomia,1,23,0,174
1,1,Eunomia,1,24,0,174
1,1,Eunomia,1,25,0,174
